V101,veto_app,rep,dem,ind,pres_app,cong_app,ed,ideol,weight,pres_cong_diff,cong_rate,cong_rate2,house_know,senate_know,chamber_know,news_int,pres_bin,cong_bin,col_grad
302379333,1,0,1,0,3,2,6,1,1.115655469,1,1,1,1,1,2,4,1,0,1
302510528,NA,0,1,0,2,2,2,0,1.586266643,0,1,1,0,0,0,3,0,0,0
302602907,1,0,1,0,2,3,3,0,0.681368733,-1,1,2,0,0,0,1,0,1,0
302641225,2,0,1,0,3,1,5,1,0.997450981,2,1,1,1,1,2,4,1,0,1
302744683,2,0,1,0,NA,1,2,-1,0.352363942,NA,1,1,0,0,0,3,NA,0,0
303100754,2,0,1,0,3,1,2,0,1.531624657,2,1,1,1,1,2,4,1,0,0
303215637,2,0,1,0,3,NA,6,0,0.894719601,NA,0,0,0,0,0,3,1,NA,1
303268121,0,0,1,0,3,2,4,0,0.946776301,1,1,1,1,1,2,4,1,0,0
303316893,-1,0,1,0,3,3,5,1,0.836007216,0,1,2,1,0,1,4,1,1,1
303359871,1,0,1,0,4,2,3,1,4.685700015,2,1,1,1,1,2,4,1,0,0
303386947,1,0,1,0,4,3,4,-2,1.065865589,1,1,2,0,0,0,4,1,1,0
303473471,1,0,1,0,2,2,5,0,1.065312787,0,1,1,1,0,1,1,0,0,1
303991981,0,0,1,0,3,4,2,-1,1.774588354,-1,1,2,0,0,0,4,1,1,0
304251410,-1,0,1,0,4,3,3,0,0.288983509,1,1,2,0,1,1,3,1,1,0
304383672,2,0,1,0,4,3,3,-1,0.704450466,1,1,2,0,0,0,3,1,1,0
304654289,1,0,1,0,3,NA,2,1,3.886350262,NA,0,0,0,0,0,4,1,NA,0
305063498,-1,0,1,0,1,1,2,0,1.740074288,0,1,1,0,0,0,3,0,0,0
302486419,-1,0,1,0,4,3,3,1,1.068956415,1,1,2,1,1,2,4,1,1,0
302518537,1,0,1,0,4,1,2,1,1.156854516,3,1,1,1,1,2,4,1,0,0
302522193,2,0,1,0,4,1,5,1,0.54434918,3,1,1,1,1,2,4,1,0,1
302526062,2,0,1,0,4,1,5,0,0.753725657,3,1,1,1,1,2,4,1,0,1
302632637,-1,0,1,0,4,2,2,2,0.509065465,2,1,1,0,0,0,3,1,0,0
302788272,1,0,1,0,4,3,5,-2,0.426175915,1,1,2,0,0,0,4,1,1,1
302885059,2,0,1,0,4,2,6,0,0.997371653,2,1,1,1,1,2,4,1,0,1
303020930,2,0,1,0,4,1,4,1,0.831511944,3,1,1,1,1,2,4,1,0,0
303057532,1,0,1,0,4,1,3,2,1.076507484,3,1,1,1,1,2,3,1,0,0
303111136,2,0,1,0,4,1,5,0,1.193234777,3,1,1,1,1,2,4,1,0,1
303263546,2,0,1,0,4,1,4,1,0.334976363,3,1,1,1,0,1,3,1,0,0
303293565,1,0,1,0,4,3,5,0,0.141731308,1,1,2,0,0,0,3,1,1,1
303311527,1,0,1,0,4,3,5,1,0.402189761,1,1,2,0,0,0,3,1,1,1
303332640,2,0,1,0,3,4,6,2,0.654926647,-1,1,2,1,0,1,4,1,1,1
303333447,1,0,1,0,4,2,3,2,0.361066798,2,1,1,1,1,2,3,1,0,0
303381075,0,0,1,0,4,1,2,0,0.214683973,3,1,1,0,1,1,NA,1,0,0
303432162,1,0,1,0,3,1,5,1,0.997450981,2,1,1,1,1,2,4,1,0,1
303450338,1,0,1,0,4,2,3,1,1.487322067,2,1,1,1,1,2,4,1,0,0
303483821,1,0,1,0,3,2,5,1,0.997450981,1,1,1,1,1,2,4,1,0,1
303484274,-1,0,1,0,3,3,4,2,1.578381452,0,1,2,1,0,1,3,1,1,0
303490547,2,0,1,0,4,3,2,1,0.336086024,1,1,2,0,0,0,2,1,1,0
303491075,0,0,1,0,2,1,2,2,0.441183155,1,1,1,1,1,2,3,0,0,0
303520535,2,0,1,0,4,2,3,0,0.254379277,2,1,1,0,1,1,3,1,0,0
303520920,1,0,1,0,4,1,2,1,1.156854516,3,1,1,1,1,2,4,1,0,0
303535465,2,0,1,0,4,1,4,1,1.659226252,3,1,1,0,0,0,4,1,0,0
303606281,1,0,1,0,4,2,6,2,0.336502554,2,1,1,1,1,2,2,1,0,1
303646861,2,0,1,0,3,4,6,1,0.578838745,-1,1,2,0,0,0,4,1,1,1
303668665,1,0,1,0,3,3,6,0,0.618486305,0,1,2,1,0,1,3,1,1,1
303680197,2,0,1,0,4,4,6,0,0.578838745,0,1,2,1,0,1,4,1,1,1
304061472,1,0,1,0,2,4,5,1,0.55895883,-2,1,2,1,0,1,2,0,1,1
304070936,2,0,1,0,4,2,3,-1,0.709440389,2,1,1,1,1,2,4,1,0,0
304227153,2,0,1,0,3,2,2,1,1.531624657,1,1,1,1,1,2,4,1,0,0
304673794,1,0,1,0,4,2,5,1,0.400168839,2,1,1,1,1,2,2,1,0,1
304675405,1,0,1,0,4,1,6,2,0.613567902,3,1,1,0,1,1,4,1,0,1
304761320,0,0,1,0,4,NA,2,1,0.797329791,NA,0,0,0,0,0,2,1,NA,0
304956433,2,0,1,0,4,1,6,0,0.65604502,3,1,1,1,1,2,4,1,0,1
305007020,2,0,1,0,4,3,2,-1,0.03991635,1,1,2,1,1,2,NA,1,1,0
305270781,2,0,1,0,4,NA,1,-1,6.907204832,NA,0,0,0,0,0,3,1,NA,0
302433103,2,0,0,1,1,2,3,-1,1.797280512,-1,1,1,1,1,2,4,0,0,0
302485842,NA,0,0,1,1,1,2,-1,1.408232302,0,1,1,0,0,0,1,0,0,0
302511045,2,0,0,1,1,1,3,0,0.659035251,0,1,1,1,1,2,4,0,0,0
302684361,2,0,0,1,1,1,6,0,0.719177501,0,1,1,1,0,1,4,0,0,1
302774027,2,0,0,1,1,1,3,0,1.560557223,0,1,1,1,1,2,4,0,0,0
302885124,2,0,0,1,1,1,6,-2,0.705804173,0,1,1,1,1,2,4,0,0,1
302966214,-2,0,0,1,1,1,2,-1,1.391704444,0,1,1,0,1,1,4,0,0,0
303184684,-2,0,0,1,1,1,6,0,0.389491682,0,1,1,0,1,1,2,0,0,1
303319716,2,0,0,1,1,3,5,0,0.261255425,-2,1,2,1,1,2,4,0,1,1
303335763,0,0,0,1,3,2,6,0,0.339958484,1,1,1,0,0,0,2,1,0,1
303367064,0,0,0,1,NA,NA,2,0,1.628667307,NA,0,0,0,0,0,3,NA,NA,0
303864602,0,0,0,1,3,1,4,0,0.502663496,2,1,1,1,0,1,2,1,0,0
304104490,1,0,0,1,1,2,3,0,0.6116172,-1,1,1,1,1,2,4,0,0,0
304772372,1,0,0,1,NA,1,2,0,1.064404178,NA,1,1,1,1,2,3,NA,0,0
305007265,1,0,0,1,1,3,3,0,0.988957369,-2,1,2,0,0,0,3,0,1,0
301409306,1,0,1,0,4,1,4,2,0.630387685,3,1,1,1,1,2,4,1,0,0
302522430,2,0,1,0,1,1,5,1,0.735657337,0,1,1,1,1,2,4,0,0,1
302527756,1,0,1,0,4,1,5,0,0.997450981,3,1,1,1,1,2,4,1,0,1
302600699,1,0,1,0,3,3,3,2,0.26558207,0,1,2,0,0,0,3,1,1,0
302601651,-1,0,1,0,3,3,2,1,0.67761002,0,1,2,1,0,1,3,1,1,0
302956850,2,0,1,0,3,1,3,0,0.991987833,2,1,1,1,0,1,4,1,0,0
303060240,2,0,1,0,2,1,5,0,0.733673377,1,1,1,0,0,0,4,0,0,1
303122308,2,0,1,0,4,2,5,0,2.588686363,2,1,1,1,1,2,4,1,0,1
303213776,1,0,1,0,3,3,2,-1,2.187324206,0,1,2,1,1,2,3,1,1,0
303219073,2,0,1,0,4,2,2,0,0.231014351,2,1,1,0,0,0,3,1,0,0
303301740,2,0,1,0,3,1,6,0,0.289590054,2,1,1,1,1,2,3,1,0,1
304527141,2,0,1,0,4,1,3,1,0.42142981,3,1,1,1,1,2,4,1,0,0
305148972,1,0,1,0,4,3,3,0,2.4905819,1,1,2,1,1,2,4,1,1,0
303541863,1,0,0,1,3,2,5,1,0.160635617,1,1,1,0,0,0,3,1,0,1
301366673,2,0,0,1,4,1,2,0,1.531624657,3,1,1,1,1,2,4,1,0,0
302510471,1,0,0,1,2,1,4,0,2.455996767,1,1,1,0,1,1,3,0,0,0
303831589,-1,0,0,1,2,2,2,-1,1.83496254,0,1,1,0,0,0,2,0,0,0
304250361,2,0,0,1,NA,4,2,-1,0.20756531,NA,1,2,1,0,1,NA,NA,1,0
303123930,NA,0,0,1,1,2,3,-1,0.34969184,-1,1,1,1,0,1,4,0,0,0
303630540,NA,0,0,1,1,2,3,-2,0.22264033,-1,1,1,1,1,2,4,0,0,0
305387183,2,0,0,1,1,1,1,0,0.652052789,0,1,1,1,1,2,4,0,0,0
304099639,2,0,1,0,2,1,5,2,0.282006217,1,1,1,1,1,2,4,0,0,1
302524620,2,1,0,0,1,1,6,-1,1.312418827,0,1,1,1,1,2,4,0,0,1
302630381,2,1,0,0,1,2,5,0,0.735657337,-1,1,1,1,1,2,4,0,0,1
302837317,2,1,0,0,1,3,3,-1,1.145707964,-2,1,2,1,1,2,4,0,1,0
302873179,-1,1,0,0,1,1,2,0,0.884989832,0,1,1,1,1,2,4,0,0,0
302979974,1,1,0,0,1,1,4,0,0.92408017,0,1,1,1,1,2,4,0,0,0
303063019,2,1,0,0,1,2,5,-1,1.807178627,-1,1,1,1,1,2,4,0,0,1
303128094,-1,1,0,0,1,1,2,-1,1.04575003,0,1,1,1,1,2,4,0,0,0
303185295,1,1,0,0,2,2,2,0,0.722678006,0,1,1,0,0,0,1,0,0,0
303566255,-2,1,0,0,3,1,2,0,3.005876581,2,1,1,0,1,1,2,1,0,0
304286563,-2,1,0,0,2,3,3,-1,0.757132397,-1,1,2,1,0,1,3,0,1,0
302414336,0,1,0,0,1,1,3,-2,0.295430215,0,1,1,1,1,2,4,0,0,0
302514640,2,1,0,0,1,2,6,-2,0.182783282,-1,1,1,1,1,2,4,0,0,1
302605223,0,1,0,0,1,1,5,-2,0.224153825,0,1,1,1,1,2,4,0,0,1
302778739,2,1,0,0,1,1,5,-2,0.239564377,0,1,1,1,1,2,4,0,0,1
303440545,0,1,0,0,2,NA,6,-1,0.151810703,NA,0,0,0,0,0,1,0,NA,1
305698090,-1,1,0,0,1,1,4,-2,1.605915648,0,1,1,1,1,2,4,0,0,0
302569570,0,1,0,0,1,1,5,0,1.155668335,0,1,1,1,1,2,4,0,0,1
302629951,1,1,0,0,3,3,5,1,0.691670421,0,1,2,0,1,1,3,1,1,1
302746533,2,1,0,0,1,2,5,-1,1.365597832,-1,1,1,1,1,2,4,0,0,1
302895211,-1,1,0,0,1,2,3,-1,1.223364555,-1,1,1,1,1,2,4,0,0,0
302999845,0,1,0,0,1,2,5,-1,1.441701347,-1,1,1,1,0,1,4,0,0,1
303098542,0,1,0,0,1,2,2,-1,0.531652881,-1,1,1,1,1,2,3,0,0,0
303200253,2,1,0,0,4,3,6,0,0.368468147,1,1,2,1,1,2,4,1,1,1
303215921,2,1,0,0,4,2,2,NA,0.280706977,2,1,1,1,1,2,3,1,0,0
303319899,1,1,0,0,3,2,3,1,0.502663496,1,1,1,0,0,0,2,1,0,0
303468571,-2,1,0,0,1,2,3,-1,0.520260492,-1,1,1,0,1,1,3,0,0,0
303609547,0,1,0,0,3,3,6,-2,0.122169943,0,1,2,1,0,1,3,1,1,1
303679684,-2,1,0,0,1,1,2,-1,1.04575003,0,1,1,1,1,2,4,0,0,0
304158168,1,1,0,0,1,1,3,-1,0.390748605,0,1,1,0,1,1,1,0,0,0
304186372,0,1,0,0,2,3,2,0,0.469859757,-1,1,2,0,1,1,2,0,1,0
304466298,0,1,0,0,2,3,5,0,0.384644391,-1,1,2,1,1,2,3,0,1,1
304674816,-1,1,0,0,1,3,6,-1,0.989807113,-2,1,2,1,1,2,4,0,1,1
301514984,1,1,0,0,1,2,2,-2,0.895596608,-1,1,1,1,1,2,3,0,0,0
302513899,1,1,0,0,1,2,6,-1,1.100650169,-1,1,1,1,1,2,4,0,0,1
302595211,-2,1,0,0,1,2,5,-2,0.971880462,-1,1,1,1,0,1,4,0,0,1
302610639,2,1,0,0,1,3,6,-2,0.481730184,-2,1,2,1,1,2,4,0,1,1
302611975,-2,1,0,0,1,1,5,-1,0.929054648,0,1,1,1,1,2,4,0,0,1
302621100,1,1,0,0,1,2,2,-1,1.642803157,-1,1,1,1,1,2,4,0,0,0
302738445,-2,1,0,0,1,3,3,-2,0.430149825,-2,1,2,1,1,2,2,0,1,0
302970938,-1,1,0,0,1,2,3,-1,1.145707964,-1,1,1,1,1,2,4,0,0,0
303006840,-2,1,0,0,1,2,2,-1,1.766461702,-1,1,1,1,0,1,4,0,0,0
303113554,-2,1,0,0,1,2,2,-2,0.603936351,-1,1,1,0,0,0,4,0,0,0
303144582,NA,1,0,0,1,3,5,-2,0.770610157,-2,1,2,1,1,2,2,0,1,1
303205305,-1,1,0,0,1,NA,3,-1,1.799830367,NA,0,0,1,0,1,4,0,NA,0
303341804,2,1,0,0,4,3,2,-1,1.177127975,1,1,2,1,1,2,4,1,1,0
303367765,1,1,0,0,3,3,2,0,1.154709149,0,1,2,1,0,1,3,1,1,0
303487624,-2,1,0,0,1,2,2,-1,1.642803157,-1,1,1,1,1,2,4,0,0,0
303492884,2,1,0,0,1,3,1,-2,3.706177151,-2,1,2,1,1,2,4,0,1,0
303605993,1,1,0,0,1,1,3,-1,1.145707964,0,1,1,1,0,1,4,0,0,0
303661664,-2,1,0,0,1,1,2,-1,1.257844824,0,1,1,0,0,0,3,0,0,0
303894975,0,1,0,0,1,1,2,-1,1.04575003,0,1,1,0,1,1,4,0,0,0
304353682,NA,1,0,0,1,3,2,1,1.246815617,-2,1,2,0,0,0,2,0,1,0
305031252,-1,1,0,0,1,3,2,-1,4.789236797,-2,1,2,1,1,2,3,0,1,0
303172695,NA,NA,NA,NA,3,3,5,0,0.495311922,0,1,2,1,1,2,2,1,1,1
303334161,1,NA,NA,NA,1,1,2,-2,0.448237807,0,1,1,1,1,2,1,0,0,0
303460031,1,NA,NA,NA,4,3,2,NA,0.26125581,1,1,2,0,0,0,3,1,1,0
305277422,1,NA,NA,NA,4,3,2,-1,5.325275525,1,1,2,0,0,0,3,1,1,0
303409693,1,NA,NA,NA,4,4,5,NA,0.631813139,0,1,2,1,0,1,3,1,1,1
302522542,0,0,1,0,4,2,3,1,0.383287132,2,1,1,1,1,2,3,1,0,0
302637878,2,0,1,0,3,NA,3,0,0.3983721,NA,0,0,0,0,0,2,1,NA,0
303215469,1,0,1,0,4,2,6,1,0.862673811,2,1,1,0,1,1,3,1,0,1
303247336,2,0,1,0,4,4,3,0,0.42076341,0,1,2,1,1,2,1,1,1,0
303477004,1,0,1,0,1,2,3,1,1.032668424,-1,1,1,1,0,1,4,0,0,0
303606380,2,0,1,0,4,1,5,2,0.923947122,3,1,1,1,1,2,4,1,0,1
303817312,-1,0,1,0,1,1,3,0,0.696539122,0,1,1,1,0,1,1,0,0,0
305282366,1,0,1,0,4,1,2,0,0.541916862,3,1,1,0,0,0,2,1,0,0
301412721,2,0,1,0,4,1,6,2,0.723139275,3,1,1,1,1,2,4,1,0,1
301422647,2,0,1,0,4,1,6,1,1.137943174,3,1,1,1,1,2,4,1,0,1
302520677,NA,0,1,0,4,4,2,-2,0.297687688,0,1,2,0,0,0,3,1,1,0
302593969,1,0,1,0,4,3,5,2,0.16280587,1,1,2,1,1,2,3,1,1,1
303060528,0,0,1,0,4,3,5,1,0.216035793,1,1,2,0,0,0,3,1,1,1
303289833,2,0,1,0,4,4,2,0,0.384946309,0,1,2,0,0,0,4,1,1,0
303302496,1,0,1,0,4,4,4,1,0.629535069,0,1,2,0,0,0,3,1,1,0
303302767,1,0,1,0,3,3,4,0,0.629535069,0,1,2,0,0,0,3,1,1,0
303450643,2,0,1,0,4,1,5,1,0.995435907,3,1,1,1,1,2,3,1,0,1
303609917,1,0,1,0,2,4,6,1,0.384268439,-2,1,2,0,1,1,3,0,1,1
303630132,2,0,1,0,3,3,3,0,0.696399702,0,1,2,1,1,2,4,1,1,0
303657172,2,0,1,0,4,4,3,1,0.596414038,0,1,2,1,0,1,3,1,1,0
303936939,2,0,1,0,3,3,5,1,0.090221107,0,1,2,1,0,1,3,1,1,1
303989532,2,0,1,0,3,4,5,-1,0.279072215,-1,1,2,1,0,1,4,1,1,1
304446298,2,0,1,0,4,2,5,1,1.064242123,2,1,1,1,1,2,4,1,0,1
302513374,-2,0,0,1,1,1,5,0,1.618962441,0,1,1,1,1,2,4,0,0,1
302881709,NA,0,0,1,2,2,5,0,1.220072672,0,1,1,1,1,2,4,0,0,1
303374338,2,0,0,1,4,4,5,0,1.370699285,0,1,2,1,0,1,3,1,1,1
303683071,2,0,0,1,4,3,3,0,2.455996767,1,1,2,1,0,1,3,1,1,0
304956866,1,0,0,1,1,2,5,0,0.735657337,-1,1,1,1,1,2,4,0,0,1
305531670,-2,0,0,1,3,4,2,0,6.824205955,-1,1,2,0,1,1,4,1,1,0
305318276,-1,0,0,1,2,1,2,0,3.397660466,1,1,1,1,1,2,3,0,0,0
304121293,1,0,1,0,3,3,6,NA,1.077216257,0,1,2,0,0,0,3,1,1,1
302583936,-1,0,0,1,1,1,6,0,0.20435274,0,1,1,1,1,2,3,0,0,1
304551631,0,0,0,1,1,1,1,NA,2.204491437,0,1,1,0,0,0,4,0,0,0
302638663,-2,1,0,0,1,2,3,-1,0.686589288,-1,1,1,1,0,1,3,0,0,0
303076647,0,1,0,0,2,3,2,-1,3.258319578,-1,1,2,0,1,1,3,0,1,0
302993802,2,1,0,0,1,1,2,-2,0.396977887,0,1,1,1,1,2,4,0,0,0
303154735,-1,1,0,0,1,1,2,-1,0.469890757,0,1,1,1,1,2,4,0,0,0
302448760,-2,1,0,0,1,1,2,-1,0.923898235,0,1,1,0,1,1,3,0,0,0
302514496,-1,1,0,0,1,3,4,-1,1.144084817,-2,1,2,1,1,2,4,0,1,0
302793418,2,1,0,0,1,1,4,-2,0.615276024,0,1,1,1,1,2,4,0,0,0
303089605,-2,1,0,0,1,2,2,0,1.628667307,-1,1,1,1,1,2,3,0,0,0
303249858,0,1,0,0,1,2,2,-1,1.260632527,-1,1,1,0,0,0,3,0,0,0
302626944,-2,1,0,0,1,3,2,-1,1.04575003,-2,1,2,1,1,2,4,0,1,0
302627396,-2,1,0,0,1,4,1,-2,6.907204832,-3,1,2,1,1,2,4,0,1,0
302663430,0,1,0,0,1,2,2,1,0.67761002,-1,1,1,1,1,2,3,0,0,0
302734452,-1,1,0,0,1,1,5,-1,1.807178627,0,1,1,1,1,2,4,0,0,1
302782722,0,1,0,0,1,2,2,-1,1.766461702,-1,1,1,1,0,1,4,0,0,0
303083288,1,1,0,0,3,3,4,1,0.557941109,0,1,2,0,0,0,4,1,1,0
303154601,-2,1,0,0,1,2,1,-1,7.005791393,-1,1,1,1,1,2,3,0,0,0
303334524,-2,1,0,0,1,2,3,-1,1.797280512,-1,1,1,1,1,2,4,0,0,0
303517646,-1,1,0,0,1,1,4,-1,1.029427343,0,1,1,1,1,2,3,0,0,0
303924177,2,1,0,0,4,4,3,-2,1.047225346,0,1,2,1,1,2,4,1,1,0
304304877,1,1,0,0,4,3,5,1,0.544620748,1,1,2,1,1,2,4,1,1,1
304644926,1,1,0,0,3,4,6,1,0.384268439,-1,1,2,1,1,2,3,1,1,1
304957818,-2,1,0,0,1,1,4,-1,1.223364555,0,1,1,1,1,2,4,0,0,0
305270494,-2,1,0,0,1,1,2,-2,0.362434868,0,1,1,1,1,2,3,0,0,0
303177549,0,0,0,1,3,3,2,-1,2.823832709,0,1,2,1,1,2,3,1,1,0
303131041,2,0,1,0,4,3,1,-1,6.907204832,1,1,2,0,0,0,NA,1,1,0
302537919,1,0,1,0,1,1,3,0,0.993395195,0,1,1,1,0,1,4,0,0,0
302555672,1,0,1,0,4,4,5,0,0.45232657,0,1,2,1,1,2,3,1,1,1
302881804,1,0,1,0,3,3,3,0,0.43850248,0,1,2,0,0,0,3,1,1,0
303073768,1,0,1,0,3,2,3,0,1.487322067,1,1,1,0,0,0,4,1,0,0
303209170,0,0,1,0,4,2,6,1,0.233841841,2,1,1,0,0,0,1,1,0,1
303215308,1,0,1,0,4,NA,3,0,0.961963702,NA,0,0,1,0,1,2,1,NA,0
303257475,-1,0,1,0,3,1,5,1,0.598628381,2,1,1,1,0,1,4,1,0,1
303289158,0,0,1,0,2,2,3,-1,3.387735129,0,1,1,1,0,1,2,0,0,0
303293581,1,0,1,0,2,4,6,1,0.376147248,-2,1,2,1,0,1,2,0,1,1
303323371,-1,0,1,0,4,4,6,1,0.393706372,0,1,2,0,0,0,3,1,1,1
303508928,1,0,1,0,4,NA,5,0,0.879519062,NA,0,0,0,0,0,3,1,NA,1
303612705,1,0,1,0,3,3,3,0,1.867733122,0,1,2,1,1,2,4,1,1,0
303970624,0,0,1,0,2,2,4,1,0.742366361,0,1,1,0,0,0,2,0,0,0
304474598,1,0,1,0,4,3,2,-1,2.056162312,1,1,2,0,0,0,3,1,1,0
302517172,2,0,1,0,4,1,2,0,0.906725874,3,1,1,1,1,2,4,1,0,0
302522513,2,0,1,0,3,1,5,1,0.753725657,2,1,1,1,1,2,4,1,0,1
302647311,2,0,1,0,4,1,5,0,0.753725657,3,1,1,1,0,1,4,1,0,1
302864310,2,0,1,0,4,1,2,0,1.334853054,3,1,1,1,1,2,4,1,0,0
303302759,1,0,1,0,4,4,5,-1,3.08951051,0,1,2,0,1,1,4,1,1,1
303303021,0,0,1,0,3,3,3,0,1.068956415,0,1,2,0,0,0,4,1,1,0
303305433,NA,0,1,0,3,3,3,0,0.653054767,0,1,2,1,0,1,3,1,1,0
303363200,1,0,1,0,2,2,5,0,0.631813139,0,1,1,0,0,0,3,0,0,1
303469967,2,0,1,0,4,1,4,2,0.179409332,3,1,1,0,1,1,2,1,0,0
303507841,2,0,1,0,4,1,5,1,0.771926075,3,1,1,0,1,1,2,1,0,1
303729095,1,0,1,0,4,2,3,1,1.003561365,2,1,1,0,0,0,3,1,0,0
303757483,2,0,1,0,2,4,6,-2,0.169790419,-2,1,2,1,0,1,2,0,1,1
304007568,2,0,1,0,4,2,5,1,0.598628381,2,1,1,1,0,1,4,1,0,1
304124686,2,0,1,0,4,1,6,1,1.137943174,3,1,1,1,1,2,4,1,0,1
304229429,0,0,1,0,4,NA,2,0,0.362908051,NA,0,0,0,0,0,3,1,NA,0
305295505,2,0,1,0,4,1,3,2,0.630387685,3,1,1,1,1,2,4,1,0,0
305341396,0,0,1,0,3,3,2,0,1.358138468,0,1,2,1,1,2,4,1,1,0
302474415,2,0,0,1,2,1,5,-1,1.029133569,1,1,1,1,1,2,4,0,0,1
302635503,2,0,0,1,4,3,5,0,0.997450981,1,1,2,1,0,1,4,1,1,1
302994955,-1,0,0,1,3,3,4,1,0.94793187,0,1,2,0,0,0,4,1,1,0
303158804,2,0,0,1,3,1,6,0,0.368468147,2,1,1,1,1,2,4,1,0,1
303326368,2,0,0,1,4,NA,6,1,0.542431162,NA,0,0,0,0,0,1,1,NA,1
303487096,1,0,0,1,1,NA,3,0,0.484345891,NA,0,0,0,0,0,3,0,NA,0
305231856,-2,0,0,1,4,4,1,0,6.907204832,0,1,2,1,0,1,3,1,1,0
302485579,1,0,1,0,3,2,3,0,0.993395195,1,1,1,1,1,2,4,1,0,0
302544671,2,0,1,0,3,1,3,0,0.379238727,2,1,1,1,1,2,4,1,0,0
303263390,-2,0,1,0,3,2,3,0,0.619725974,1,1,1,1,1,2,3,1,0,0
303379092,1,0,1,0,4,3,5,0,0.631813139,1,1,2,0,0,0,3,1,1,1
303453629,0,0,1,0,1,1,4,0,0.991987833,0,1,1,1,1,2,4,0,0,0
304440127,NA,0,1,0,3,1,3,2,0.337920905,2,1,1,0,0,0,4,1,0,0
304879433,1,0,1,0,NA,1,3,1,0.787319562,NA,1,1,0,0,0,1,NA,0,0
305346433,1,0,1,0,3,2,2,0,1.813970625,1,1,1,0,1,1,3,1,0,0
303447144,0,0,0,1,3,NA,5,NA,0.558517848,NA,0,0,0,0,0,1,1,NA,1
303387691,0,0,0,1,NA,NA,3,NA,0.242549827,NA,0,0,0,0,0,1,NA,NA,0
302476580,1,1,0,0,3,2,5,-1,0.726625825,1,1,1,1,0,1,4,1,0,1
305445632,-2,1,0,0,1,NA,2,1,0.830848209,NA,0,0,0,0,0,2,0,NA,0
302662859,2,1,0,0,1,3,4,0,0.914072769,-2,1,2,1,1,2,3,0,1,0
303302367,1,1,0,0,3,3,5,1,0.618326904,0,1,2,0,0,0,2,1,1,1
303319598,1,1,0,0,1,2,4,0,0.554559886,-1,1,1,0,0,0,3,0,0,0
303443822,0,1,0,0,2,2,2,-1,0.48000745,0,1,1,1,0,1,NA,0,0,0
303697723,1,1,0,0,NA,NA,3,-1,0.135415643,NA,0,0,0,0,0,NA,NA,NA,0
304480003,0,1,0,0,4,2,3,-1,2.537574602,2,1,1,0,1,1,1,1,0,0
302606075,-2,1,0,0,1,NA,4,-2,0.96792865,NA,0,0,1,1,2,4,0,NA,0
302632688,-2,1,0,0,1,1,3,-2,0.515741571,0,1,1,0,1,1,4,0,0,0
303314081,0,1,0,0,1,3,2,1,0.449923386,-2,1,2,1,1,2,3,0,1,0
303517141,-2,1,0,0,4,2,2,0,0.770483392,2,1,1,1,0,1,2,1,0,0
303616743,2,1,0,0,4,4,6,1,0.719177501,0,1,2,1,1,2,4,1,1,1
304092568,-1,1,0,0,2,3,2,-1,0.979754317,-1,1,2,1,1,2,2,0,1,0
304495313,-2,1,0,0,1,1,2,-1,1.060090706,0,1,1,1,0,1,3,0,0,0
305291556,0,1,0,0,2,2,2,-2,0.257487749,0,1,1,0,0,0,1,0,0,0
303989417,1,NA,NA,NA,NA,NA,2,-1,0.673120075,NA,0,0,0,0,0,NA,NA,NA,0
304442872,NA,NA,NA,NA,4,4,1,-2,1.80594292,0,1,2,1,0,1,3,1,1,0
301422487,1,0,1,0,4,1,3,1,0.993395195,3,1,1,1,1,2,4,1,0,0
302396904,-1,0,1,0,3,3,6,0,0.34830813,0,1,2,1,0,1,2,1,1,1
302517234,2,0,1,0,4,2,3,1,2.176688207,2,1,1,1,1,2,4,1,0,0
302536475,2,0,1,0,2,1,6,0,0.965519963,1,1,1,1,1,2,4,0,0,1
302787498,NA,0,1,0,4,1,5,1,0.997450981,3,1,1,0,1,1,4,1,0,1
302799444,2,0,1,0,4,1,3,1,0.991987833,3,1,1,1,1,2,4,1,0,0
303065548,2,0,1,0,3,2,3,1,0.946776301,1,1,1,1,0,1,4,1,0,0
303171056,1,0,1,0,3,2,5,1,0.150338202,1,1,1,0,0,0,4,1,0,1
303180028,2,0,1,0,4,2,4,1,0.993395195,2,1,1,1,1,2,4,1,0,0
303207934,-1,0,1,0,3,2,2,0,0.694252652,1,1,1,0,1,1,3,1,0,0
303232731,-1,0,1,0,4,1,3,0,1.475465579,3,1,1,1,1,2,4,1,0,0
303715125,2,0,1,0,3,2,2,-1,0.175084998,1,1,1,0,0,0,2,1,0,0
303817979,-1,0,1,0,2,2,5,1,0.406557149,0,1,1,1,1,2,3,0,0,1
303874391,1,0,1,0,4,3,5,0,0.640944763,1,1,2,1,1,2,4,1,1,1
301331809,2,0,1,0,3,1,6,2,0.606455309,2,1,1,1,1,2,4,1,0,1
301522426,2,0,1,0,3,1,5,2,0.633859402,2,1,1,1,1,2,4,1,0,1
302528377,1,0,1,0,3,2,5,2,0.511906634,1,1,1,1,1,2,4,1,0,1
302541483,2,0,1,0,4,1,6,0,0.954327476,3,1,1,1,1,2,4,1,0,1
302542881,2,0,1,0,3,1,5,2,0.455057292,2,1,1,0,1,1,3,1,0,1
302550865,1,0,1,0,4,1,5,1,0.759426639,3,1,1,1,1,2,3,1,0,1
302551081,2,0,1,0,4,1,5,1,0.426903666,3,1,1,1,1,2,4,1,0,1
302553121,2,0,1,0,4,1,5,2,0.478977015,3,1,1,1,1,2,4,1,0,1
302554519,2,0,1,0,4,2,5,2,0.758275942,2,1,1,1,1,2,4,1,0,1
302603023,2,0,1,0,4,1,3,1,0.993395195,3,1,1,1,1,2,4,1,0,0
302604697,2,0,1,0,4,1,6,1,1.137943174,3,1,1,1,1,2,4,1,0,1
302624355,-1,0,1,0,3,1,3,1,0.831511944,2,1,1,1,1,2,4,1,0,0
302627401,NA,0,1,0,4,1,2,1,0.919160071,3,1,1,1,1,2,3,1,0,0
302638242,1,0,1,0,4,1,2,2,0.848271419,3,1,1,1,1,2,4,1,0,0
302738733,2,0,1,0,4,1,3,1,0.991987833,3,1,1,1,1,2,4,1,0,0
302747547,2,0,1,0,4,1,6,1,0.858220123,3,1,1,1,1,2,4,1,0,1
302820746,2,0,1,0,4,1,5,2,0.633859402,3,1,1,1,0,1,4,1,0,1
302847154,2,0,1,0,4,1,6,2,0.606455309,3,1,1,1,1,2,4,1,0,1
302851859,1,0,1,0,4,1,6,1,1.137943174,3,1,1,1,1,2,4,1,0,1
302859843,2,0,1,0,4,1,6,0,0.965519963,3,1,1,1,1,2,4,1,0,1
302883404,2,0,1,0,4,1,5,2,0.511906634,3,1,1,1,1,2,4,1,0,1
302904595,-1,0,1,0,4,2,6,2,0.380362065,2,1,1,1,1,2,3,1,0,1
302929755,2,0,1,0,3,2,5,2,0.478977015,1,1,1,1,1,2,4,1,0,1
302952989,1,0,1,0,4,1,3,0,0.993395195,3,1,1,1,1,2,4,1,0,0
303002186,2,0,1,0,3,1,5,1,0.805544215,2,1,1,1,1,2,4,1,0,1
303063036,1,0,1,0,4,1,5,1,0.997450981,3,1,1,1,1,2,4,1,0,1
303068720,2,0,1,0,4,1,4,2,0.630387685,3,1,1,1,1,2,4,1,0,0
303071149,2,0,1,0,3,1,3,2,0.631282034,2,1,1,1,1,2,4,1,0,0
303133499,2,0,1,0,4,1,5,1,0.753725657,3,1,1,1,1,2,4,1,0,1
303165959,1,0,1,0,3,2,2,0,1.531624657,1,1,1,0,1,1,4,1,0,0
303169530,NA,0,1,0,3,2,4,0,1.306249493,1,1,1,1,1,2,4,1,0,0
303173929,2,0,1,0,4,3,4,0,1.012860464,1,1,2,1,0,1,3,1,1,0
303204423,2,0,1,0,4,1,6,2,0.259486135,3,1,1,0,1,1,3,1,0,1
303212300,2,0,1,0,4,1,3,1,0.70427727,3,1,1,1,1,2,3,1,0,0
303219125,2,0,1,0,4,1,3,-1,1.841423127,3,1,1,1,1,2,4,1,0,0
303235557,2,0,1,0,3,1,6,2,0.892512546,2,1,1,1,1,2,4,1,0,1
303253010,0,0,1,0,3,2,5,1,1.658725424,1,1,1,0,0,0,4,1,0,1
303281267,2,0,1,0,4,1,3,1,0.450295645,3,1,1,1,1,2,3,1,0,0
303332685,1,0,1,0,NA,2,2,2,0.458221428,NA,1,1,1,1,2,2,NA,0,0
303377992,-1,0,1,0,4,2,2,NA,0.147129406,2,1,1,1,0,1,2,1,0,0
303384316,1,0,1,0,4,3,5,0,0.402463342,1,1,2,1,1,2,3,1,1,1
303435036,1,0,1,0,3,1,2,1,1.817340852,2,1,1,1,1,2,4,1,0,0
303508514,2,0,1,0,4,2,5,1,0.753725657,2,1,1,1,0,1,4,1,0,1
303515388,2,0,1,0,4,1,5,2,0.923947122,3,1,1,1,1,2,4,1,0,1
303520496,2,0,1,0,4,NA,3,0,1.185589282,NA,0,0,1,1,2,4,1,NA,0
303602931,0,0,1,0,3,2,3,1,0.993395195,1,1,1,0,0,0,4,1,0,0
303686914,2,0,1,0,4,2,5,1,1.166656412,2,1,1,1,1,2,4,1,0,1
303846216,1,0,1,0,3,4,2,1,0.939140393,-1,1,2,1,0,1,3,1,1,0
304132435,0,0,1,0,4,1,2,1,1.258432436,3,1,1,0,0,0,3,1,0,0
304459830,1,0,1,0,3,3,2,-1,2.755943724,0,1,2,1,0,1,3,1,1,0
304523166,2,0,1,0,4,1,2,1,0.544145209,3,1,1,1,1,2,3,1,0,0
304523232,2,0,1,0,4,1,6,2,0.200441587,3,1,1,1,1,2,4,1,0,1
304593427,0,0,1,0,4,2,3,1,2.547753851,2,1,1,1,1,2,3,1,0,0
304674769,2,0,1,0,3,1,5,1,0.753725657,2,1,1,1,1,2,4,1,0,1
304775304,2,0,1,0,4,1,5,2,0.380392318,3,1,1,1,1,2,3,1,0,1
304813685,2,0,1,0,4,3,2,0,1.334853054,1,1,2,1,1,2,4,1,1,0
304956147,2,0,1,0,3,1,6,0,0.858220123,2,1,1,1,1,2,4,1,0,1
304957986,2,0,1,0,4,1,3,-1,1.253411344,3,1,1,1,1,2,4,1,0,0
302510538,0,0,0,1,1,1,5,0,0.199978729,0,1,1,1,0,1,2,0,0,1
302514645,2,0,0,1,3,1,6,0,0.965519963,2,1,1,1,1,2,4,1,0,1
302604638,0,0,0,1,3,3,3,0,0.828532725,0,1,2,0,0,0,2,1,1,0
302619267,0,0,0,1,3,1,5,0,0.483423974,2,1,1,1,0,1,3,1,0,1
302897226,1,0,0,1,4,1,2,0,0.919160071,3,1,1,1,0,1,3,1,0,0
303200543,-1,0,0,1,2,2,5,0,0.24354758,0,1,1,0,0,0,1,0,0,1
303348796,2,0,0,1,3,2,5,0,0.670181151,1,1,1,1,1,2,4,1,0,1
303433572,1,0,0,1,NA,NA,3,1,0.880918193,NA,0,0,0,0,0,2,NA,NA,0
303496391,1,0,0,1,2,1,3,2,0.873026433,1,1,1,1,1,2,4,0,0,0
303535209,0,0,0,1,3,1,3,-1,0.514055602,2,1,1,1,1,2,1,1,0,0
303550664,0,0,0,1,3,3,2,0,0.273602386,0,1,2,1,1,2,3,1,1,0
303609526,0,0,0,1,2,2,3,NA,0.266169261,0,1,1,0,0,0,2,0,0,0
303626328,-2,0,0,1,1,1,3,0,0.696399702,0,1,1,1,1,2,4,0,0,0
304204152,-1,0,0,1,4,1,4,1,0.595312698,3,1,1,0,1,1,3,1,0,0
304255939,1,0,0,1,3,2,3,0,0.988313519,1,1,1,0,0,0,3,1,0,0
304332882,1,0,0,1,3,3,2,0,0.721064342,0,1,2,1,1,2,2,1,1,0
304659333,0,0,0,1,2,2,6,0,0.384268439,0,1,1,0,0,0,3,0,0,1
304956165,2,0,0,1,2,1,5,0,0.400395116,1,1,1,1,1,2,4,0,0,1
304958090,0,0,0,1,1,2,5,-1,0.986250174,-1,1,1,1,1,2,4,0,0,1
305069653,1,0,0,1,2,2,2,0,1.302853943,0,1,1,1,0,1,4,0,0,0
302517326,2,0,1,0,4,1,4,1,0.73069015,3,1,1,1,1,2,4,1,0,0
302669942,0,0,1,0,3,1,3,2,1.00749885,2,1,1,1,1,2,4,1,0,0
302734327,2,0,1,0,4,1,5,0,0.753725657,3,1,1,1,1,2,4,1,0,1
302735308,1,0,1,0,3,1,3,1,1.644118498,2,1,1,1,1,2,4,1,0,0
302876675,1,0,1,0,4,1,6,1,0.965519963,3,1,1,1,1,2,4,1,0,1
302930551,2,0,1,0,4,3,5,0,0.598591248,1,1,2,1,1,2,3,1,1,1
303047312,2,0,1,0,4,2,5,0,0.598591248,2,1,1,1,0,1,3,1,0,1
303137198,1,0,1,0,4,2,4,1,0.993395195,2,1,1,1,1,2,4,1,0,0
303467122,2,0,1,0,4,1,3,0,0.991987833,3,1,1,1,1,2,4,1,0,0
303513313,0,0,1,0,3,2,4,1,2.499712648,1,1,1,1,1,2,3,1,0,0
303532068,2,0,1,0,3,1,3,0,0.595312698,2,1,1,1,1,2,3,1,0,0
303769585,1,0,1,0,4,1,4,0,0.408358083,3,1,1,1,0,1,3,1,0,0
303867863,1,0,1,0,4,1,3,1,1.694008866,3,1,1,1,1,2,3,1,0,0
303999488,1,0,1,0,4,1,4,0,0.441467219,3,1,1,1,1,2,2,1,0,0
304144932,-1,0,1,0,4,1,2,1,1.672107573,3,1,1,0,1,1,3,1,0,0
304438738,2,0,1,0,3,1,5,0,0.526715261,2,1,1,0,0,0,3,1,0,1
304916288,1,0,1,0,3,1,3,1,0.671453339,2,1,1,1,1,2,1,1,0,0
303423043,1,0,0,1,4,NA,2,NA,1.228157958,NA,0,0,0,0,0,1,1,NA,0
303460215,0,0,0,1,2,3,5,-1,0.779477254,-1,1,2,0,1,1,1,0,1,1
303203838,0,0,1,0,4,3,6,NA,0.24427904,1,1,2,1,1,2,2,1,1,1
302628672,2,0,1,0,2,1,5,2,0.369320636,1,1,1,1,1,2,4,0,0,1
303094863,1,0,1,0,1,1,4,1,0.133839289,0,1,1,1,1,2,3,0,0,0
303320318,1,0,1,0,3,1,3,2,0.266464256,2,1,1,1,1,2,4,1,0,0
305078979,2,0,1,0,4,1,2,1,0.304050444,3,1,1,1,1,2,4,1,0,0
302514873,1,1,0,0,2,3,3,0,0.496658155,-1,1,2,1,1,2,4,0,1,0
302525653,2,1,0,0,2,1,4,0,0.675221672,1,1,1,1,0,1,4,0,0,0
302616357,-2,1,0,0,1,2,2,-1,1.642803157,-1,1,1,1,1,2,4,0,0,0
303332148,-2,1,0,0,1,1,2,0,1.129122387,0,1,1,0,0,0,4,0,0,0
303518356,0,1,0,0,3,4,2,2,0.733793705,-1,1,2,0,1,1,3,1,1,0
304220918,-1,1,0,0,1,1,2,0,1.564918481,0,1,1,1,1,2,4,0,0,0
304961300,1,1,0,0,1,1,6,-1,1.113558749,0,1,1,1,1,2,4,0,0,1
303622667,-2,1,0,0,1,2,3,-2,0.188060362,-1,1,1,1,1,2,4,0,0,0
301522843,-1,1,0,0,2,3,3,0,0.80867113,-1,1,2,0,0,0,2,0,1,0
302408457,-1,1,0,0,1,1,5,-1,0.929054648,0,1,1,1,1,2,4,0,0,1
302561790,2,1,0,0,1,1,3,-1,0.467344409,0,1,1,1,0,1,3,0,0,0
303326382,-1,1,0,0,1,3,4,-1,1.091941207,-2,1,2,1,1,2,4,0,1,0
303335857,-1,1,0,0,1,1,5,-1,1.913050252,0,1,1,1,1,2,4,0,0,1
303404579,-2,1,0,0,NA,NA,2,-1,0.62757652,NA,0,0,1,1,2,3,NA,NA,0
303450502,-2,1,0,0,2,3,5,-1,0.825879299,-1,1,2,0,0,0,3,0,1,1
303469882,-1,1,0,0,1,1,5,-1,0.869290985,0,1,1,1,1,2,4,0,0,1
303494007,-1,1,0,0,2,3,2,0,1.494908535,-1,1,2,0,0,0,4,0,1,0
303698564,-1,1,0,0,1,2,3,-1,1.292723067,-1,1,1,0,0,0,3,0,0,0
303861091,1,1,0,0,2,3,2,0,1.129122387,-1,1,2,1,0,1,4,0,1,0
303923047,0,1,0,0,1,2,2,-1,2.418482669,-1,1,1,1,1,2,4,0,0,0
304168059,0,1,0,0,1,1,6,0,0.598543642,0,1,1,0,1,1,3,0,0,1
304618236,1,1,0,0,2,NA,4,0,1.955770954,NA,0,0,0,0,0,3,0,NA,0
302594048,2,1,0,0,1,3,3,-1,1.144084817,-2,1,2,1,1,2,4,0,1,0
302817437,1,1,0,0,NA,4,5,1,0.61356868,NA,1,2,1,1,2,2,NA,1,1
303055837,-1,1,0,0,1,3,5,-2,0.350039773,-2,1,2,1,1,2,3,0,1,1
303200821,-2,1,0,0,1,1,2,-1,1.539520004,0,1,1,1,1,2,4,0,0,0
303214899,-2,1,0,0,1,2,2,-2,0.717533848,-1,1,1,1,1,2,4,0,0,0
303338776,1,1,0,0,2,3,5,1,0.127432941,-1,1,2,1,1,2,NA,0,1,1
303477249,1,1,0,0,1,2,3,-2,2.75041462,-1,1,1,1,1,2,4,0,0,0
303512206,-2,1,0,0,1,2,3,-1,1.506530789,-1,1,1,1,1,2,4,0,0,0
303595304,-2,1,0,0,1,1,3,-1,1.797280512,0,1,1,1,1,2,4,0,0,0
303689834,2,1,0,0,1,3,4,-1,0.592379108,-2,1,2,1,1,2,3,0,1,0
304383476,0,1,0,0,3,3,5,-1,0.219331138,0,1,2,1,0,1,3,1,1,1
304458918,0,1,0,0,1,2,2,-2,0.562392675,-1,1,1,1,1,2,4,0,0,0
304635616,-1,1,0,0,1,1,3,-1,0.743891391,0,1,1,1,1,2,3,0,0,0
304675079,1,1,0,0,1,1,6,-1,1.014117549,0,1,1,1,1,2,4,0,0,1
305157345,1,1,0,0,3,1,3,-1,1.124272506,2,1,1,1,0,1,3,1,0,0
302930569,2,NA,NA,NA,NA,NA,1,NA,0.41263404,NA,0,0,0,0,0,NA,NA,NA,0
304248986,2,NA,NA,NA,4,NA,5,NA,0.537317045,NA,0,0,0,0,0,1,1,NA,1
305321852,-2,NA,NA,NA,2,NA,2,NA,0.185910064,NA,0,0,0,0,0,NA,0,NA,0
302517972,1,0,1,0,3,1,6,0,0.997371653,2,1,1,1,1,2,4,1,0,1
302529265,2,0,1,0,1,1,6,-1,0.989807113,0,1,1,1,1,2,4,0,0,1
302579300,-2,0,1,0,2,1,3,0,0.914072769,1,1,1,0,1,1,3,0,0,0
302609257,-1,0,1,0,1,2,4,0,0.811578931,-1,1,1,0,0,0,4,0,0,0
302612691,-2,0,1,0,1,3,2,-2,0.298586126,-2,1,2,1,1,2,2,0,1,0
302620379,1,0,1,0,NA,NA,6,1,0.754671802,NA,0,0,0,0,0,3,NA,NA,1
302652541,1,0,1,0,3,1,6,1,0.997371653,2,1,1,1,1,2,4,1,0,1
302660870,1,0,1,0,4,3,4,1,0.991987833,1,1,2,1,1,2,4,1,1,0
302706301,1,0,1,0,1,2,4,0,0.395058486,-1,1,1,0,0,0,1,0,0,0
302843909,1,0,1,0,3,3,6,0,0.579428775,0,1,2,1,0,1,3,1,1,1
302922996,1,0,1,0,3,3,3,0,0.441467219,0,1,2,1,1,2,2,1,1,0
302967610,1,0,1,0,2,1,2,0,3.121785113,1,1,1,1,0,1,4,0,0,0
303133124,2,0,1,0,3,1,5,0,0.805544215,2,1,1,1,1,2,4,1,0,1
303181650,1,0,1,0,3,3,3,-1,0.4707372,0,1,2,0,0,0,2,1,1,0
303192376,-1,0,1,0,4,3,6,1,0.344416504,1,1,2,1,0,1,3,1,1,1
303193474,2,0,1,0,3,1,6,2,0.613567902,2,1,1,1,1,2,4,1,0,1
303200306,1,0,1,0,4,1,6,0,0.368468147,3,1,1,1,1,2,4,1,0,1
303215383,0,0,1,0,NA,NA,2,1,0.460063825,NA,0,0,0,0,0,1,NA,NA,0
303215426,1,0,1,0,3,2,5,0,0.483423974,1,1,1,1,0,1,3,1,0,1
303247277,0,0,1,0,3,1,5,1,0.281783224,2,1,1,1,1,2,3,1,0,1
303289318,1,0,1,0,3,2,2,0,2.096964618,1,1,1,1,1,2,4,1,0,0
303302189,0,0,1,0,4,4,5,0,1.097955197,0,1,2,1,0,1,3,1,1,1
303326177,1,0,1,0,NA,NA,5,1,0.675851947,NA,0,0,0,0,0,1,NA,NA,1
303346666,-2,0,1,0,4,1,5,1,0.50170546,3,1,1,0,0,0,3,1,0,1
303473802,0,0,1,0,NA,NA,6,0,0.396975623,NA,0,0,0,0,0,2,NA,NA,1
303532261,1,0,1,0,3,NA,3,NA,0.428562829,NA,0,0,1,1,2,3,1,NA,0
303622967,NA,0,1,0,1,3,2,0,0.941734824,-2,1,2,0,0,0,2,0,1,0
303627115,1,0,1,0,4,3,3,0,0.527414449,1,1,2,0,0,0,2,1,1,0
303630168,0,0,1,0,2,1,2,0,1.552878932,1,1,1,0,0,0,2,0,0,0
303764937,0,0,1,0,3,3,6,0,0.221125461,0,1,2,0,0,0,3,1,1,1
303840137,1,0,1,0,3,NA,2,1,0.363884722,NA,0,0,1,1,2,2,1,NA,0
303997468,1,0,1,0,NA,2,2,0,0.556156639,NA,1,1,0,0,0,NA,NA,0,0
304051067,0,0,1,0,4,NA,5,0,0.61492369,NA,0,0,1,0,1,4,1,NA,1
304209639,2,0,1,0,4,2,3,1,0.645981756,2,1,1,1,0,1,1,1,0,0
304675450,2,0,1,0,3,1,5,0,0.326675357,2,1,1,1,1,2,3,1,0,1
305168469,0,0,1,0,4,NA,2,0,0.614198448,NA,0,0,1,1,2,2,1,NA,0
306910554,1,0,1,0,4,3,2,-1,1.029109811,1,1,2,0,0,0,3,1,1,0
301411671,2,0,1,0,4,1,6,2,0.633808991,3,1,1,0,1,1,4,1,0,1
301514452,2,0,1,0,4,1,6,1,0.954327476,3,1,1,1,1,2,4,1,0,1
302429518,-2,0,1,0,4,1,3,1,0.993395195,3,1,1,1,1,2,4,1,0,0
302511679,2,0,1,0,3,1,5,1,0.753725657,2,1,1,1,1,2,4,1,0,1
302515392,2,0,1,0,3,1,5,1,1.184052453,2,1,1,1,1,2,4,1,0,1
302518242,2,0,1,0,4,1,4,0,0.991987833,3,1,1,1,1,2,4,1,0,0
302522037,2,0,1,0,3,1,3,1,0.675221672,2,1,1,1,1,2,4,1,0,0
302532112,0,0,1,0,4,2,2,1,1.531624657,2,1,1,1,1,2,4,1,0,0
302576457,2,0,1,0,3,1,3,1,0.991987833,2,1,1,1,1,2,4,1,0,0
302619421,NA,0,1,0,4,NA,4,2,0.753417389,NA,0,0,0,0,0,4,1,NA,0
302641423,1,0,1,0,4,1,5,0,0.256193841,3,1,1,1,1,2,3,1,0,1
302648473,NA,0,1,0,3,NA,3,0,0.56818031,NA,0,0,1,1,2,3,1,NA,0
302799013,2,0,1,0,4,1,6,1,0.965519963,3,1,1,1,1,2,4,1,0,1
302803838,2,0,1,0,4,3,4,-1,0.840741859,1,1,2,0,0,0,3,1,1,0
302856632,1,0,1,0,4,1,5,1,0.753725657,3,1,1,1,1,2,4,1,0,1
302881926,1,0,1,0,4,1,5,2,0.633859402,3,1,1,1,1,2,4,1,0,1
302914784,1,0,1,0,4,1,5,1,0.805544215,3,1,1,1,1,2,4,1,0,1
302928416,2,0,1,0,4,2,6,0,0.954327476,2,1,1,1,1,2,4,1,0,1
302939520,2,0,1,0,3,3,6,2,0.383613369,0,1,2,0,0,0,3,1,1,1
303041336,0,0,1,0,4,2,3,1,0.831511944,2,1,1,1,1,2,4,1,0,0
303146173,2,0,1,0,4,1,4,1,0.993395195,3,1,1,1,1,2,4,1,0,0
303184358,2,0,1,0,4,3,5,1,0.358711708,1,1,2,0,1,1,3,1,1,1
303184527,2,0,1,0,4,1,2,2,0.576205479,3,1,1,1,1,2,4,1,0,0
303184803,1,0,1,0,3,3,6,2,0.364709039,0,1,2,0,0,0,4,1,1,1
303193210,2,0,1,0,4,1,6,1,1.60340793,3,1,1,1,1,2,4,1,0,1
303204680,1,0,1,0,4,1,2,2,3.479177589,3,1,1,1,1,2,2,1,0,0
303260104,2,0,1,0,3,1,4,1,2.822779001,2,1,1,1,0,1,4,1,0,0
303273538,2,0,1,0,4,4,3,0,0.131717251,0,1,2,0,1,1,NA,1,1,0
303302343,1,0,1,0,3,3,4,1,0.42076341,0,1,2,0,1,1,1,1,1,0
303308717,NA,0,1,0,3,1,2,1,0.955301505,2,1,1,0,0,0,3,1,0,0
303564236,1,0,1,0,4,1,5,2,0.31882341,3,1,1,1,1,2,3,1,0,1
303602769,0,0,1,0,4,3,5,0,0.358711708,1,1,2,0,1,1,3,1,1,1
303634697,1,0,1,0,3,2,5,1,0.50170546,1,1,1,0,1,1,3,1,0,1
303824636,2,0,1,0,3,2,5,0,0.60425054,1,1,1,0,0,0,3,1,0,1
303874229,1,0,1,0,4,2,3,2,0.949819329,2,1,1,1,1,2,3,1,0,0
304101215,2,0,1,0,4,1,2,2,0.848271419,3,1,1,1,1,2,4,1,0,0
304106044,0,0,1,0,3,NA,6,0,0.106314271,NA,0,0,1,0,1,3,1,NA,1
304375591,0,0,1,0,3,3,4,0,0.789650638,0,1,2,0,0,0,2,1,1,0
304401483,0,0,1,0,4,1,5,1,0.340633294,3,1,1,0,0,0,1,1,0,1
304482770,2,0,1,0,4,1,5,1,0.670637027,3,1,1,1,1,2,4,1,0,1
304594206,0,0,1,0,4,1,3,2,1.793817484,3,1,1,1,1,2,4,1,0,0
304596493,2,0,1,0,3,4,6,-2,0.654926647,-1,1,2,0,0,0,4,1,1,1
304673607,2,0,1,0,3,1,5,1,0.54434918,2,1,1,1,1,2,4,1,0,1
304755431,2,0,1,0,4,1,3,1,0.675221672,3,1,1,1,1,2,4,1,0,0
304957248,2,0,1,0,4,1,5,2,0.478977015,3,1,1,1,1,2,4,1,0,1
305108768,1,0,1,0,4,1,3,2,1.186905644,3,1,1,1,1,2,4,1,0,0
287557695,0,0,0,1,4,3,2,-1,0.272978577,1,1,2,1,1,2,3,1,1,0
302485631,1,0,0,1,1,1,4,0,0.43850248,0,1,1,0,0,0,3,0,0,0
302535441,1,0,0,1,1,1,6,1,0.710186571,0,1,1,1,1,2,4,0,0,1
302551384,2,0,0,1,1,1,5,0,0.240285504,0,1,1,1,1,2,3,0,0,1
302571930,-2,0,0,1,3,3,3,1,0.596157286,0,1,2,1,0,1,3,1,1,0
302603919,-2,0,0,1,1,2,2,NA,1.014566268,-1,1,1,0,0,0,3,0,0,0
302683932,1,0,0,1,3,1,5,2,0.531265239,2,1,1,1,1,2,4,1,0,1
302731807,2,0,0,1,4,1,2,1,0.854815627,3,1,1,1,1,2,3,1,0,0
302790350,-1,0,0,1,2,1,4,0,1.274936067,1,1,1,1,0,1,4,0,0,0
302887983,2,0,0,1,1,1,2,-1,1.539520004,0,1,1,1,1,2,4,0,0,0
302993619,-2,0,0,1,1,1,3,0,0.770721124,0,1,1,0,0,0,2,0,0,0
303097596,2,0,0,1,1,1,1,0,3.217454716,0,1,1,0,1,1,4,0,0,0
303204360,NA,0,0,1,1,NA,2,1,3.397660466,NA,0,0,0,0,0,3,0,NA,0
303219586,2,0,0,1,2,1,6,0,0.426197852,1,1,1,1,1,2,3,0,0,1
303344707,0,0,0,1,1,1,2,0,1.08599351,0,1,1,0,1,1,1,0,0,0
303353020,0,0,0,1,1,1,2,2,0.458221428,0,1,1,1,1,2,2,0,0,0
303524832,0,0,0,1,1,2,1,1,1.745472141,-1,1,1,0,0,0,3,0,0,0
303657661,2,0,0,1,1,NA,2,NA,0.328789529,NA,0,0,0,0,0,2,0,NA,0
303683466,1,0,0,1,3,1,6,0,0.573911798,2,1,1,1,1,2,4,1,0,1
303763118,-1,0,0,1,1,1,3,2,0.941365381,0,1,1,0,0,0,1,0,0,0
303849833,-1,0,0,1,2,2,5,-1,0.610763967,0,1,1,0,0,0,2,0,0,1
303940046,0,0,0,1,NA,NA,2,1,0.5162469,NA,0,0,0,0,0,3,NA,NA,0
304084560,-1,0,0,1,2,NA,4,0,0.334832158,NA,0,0,0,0,0,3,0,NA,0
304092476,1,0,0,1,3,2,4,0,0.56818031,1,1,1,0,0,0,3,1,0,0
304675706,1,0,0,1,1,1,5,0,1.164630541,0,1,1,0,1,1,4,0,0,1
304675878,2,0,0,1,4,1,6,0,0.965519963,3,1,1,1,1,2,4,1,0,1
305016866,0,0,0,1,1,2,3,0,0.729383589,-1,1,1,1,1,2,2,0,0,0
300488631,-2,0,1,0,1,1,6,0,0.931450328,0,1,1,1,1,2,4,0,0,1
302323732,2,0,1,0,4,1,5,0,1.795963475,3,1,1,1,1,2,4,1,0,1
302472608,1,0,1,0,4,1,5,0,0.805544215,3,1,1,0,1,1,4,1,0,1
302583106,0,0,1,0,2,2,3,0,0.581866197,0,1,1,0,0,0,3,0,0,0
303185521,1,0,1,0,3,2,6,1,0.44025776,1,1,1,1,1,2,3,1,0,1
303269853,1,0,1,0,4,2,5,0,1.029359132,2,1,1,1,1,2,4,1,0,1
303283371,1,0,1,0,4,3,2,NA,1.510953863,1,1,2,0,0,0,2,1,1,0
303296658,1,0,1,0,4,3,5,1,1.166656412,1,1,2,1,1,2,4,1,1,1
303371007,2,0,1,0,2,1,6,0,0.847441876,1,1,1,1,1,2,4,0,0,1
303378179,2,0,1,0,2,1,3,0,1.253941759,1,1,1,1,0,1,3,0,0,0
303514293,2,0,1,0,4,1,5,0,0.753725657,3,1,1,1,1,2,4,1,0,1
303528090,0,0,1,0,3,2,2,1,0.694252652,1,1,1,1,1,2,3,1,0,0
303609850,-1,0,1,0,4,2,6,1,0.40638165,2,1,1,0,0,0,1,1,0,1
303765118,1,0,1,0,2,2,2,0,0.589228112,0,1,1,1,1,2,3,0,0,0
303946344,0,0,1,0,2,1,2,0,1.258432436,1,1,1,0,1,1,3,0,0,0
304721135,2,0,1,0,3,1,3,0,1.04901362,2,1,1,1,1,2,4,1,0,0
304957720,2,0,1,0,4,1,5,0,0.54434918,3,1,1,1,1,2,4,1,0,1
305284784,2,0,1,0,2,1,3,0,1.246025347,1,1,1,0,0,0,3,0,0,0
306842864,-1,0,1,0,2,2,2,1,0.706799462,0,1,1,0,1,1,3,0,0,0
302604737,-1,0,0,1,1,NA,2,-1,0.835191018,NA,0,0,0,0,0,3,0,NA,0
302972580,1,0,0,1,1,1,4,0,1.610223458,0,1,1,0,0,0,2,0,0,0
303980605,-2,0,0,1,3,NA,4,NA,0.60851035,NA,0,0,0,0,0,1,1,NA,0
304396960,1,0,0,1,4,4,2,NA,0.292868613,0,1,2,0,0,0,1,1,1,0
302591457,1,0,1,0,4,1,2,NA,1.449888728,3,1,1,0,0,0,3,1,0,0
303204866,1,0,1,0,3,3,6,0,0.529525635,0,1,2,0,0,0,2,1,1,1
303289484,0,0,1,0,4,NA,3,NA,0.483061423,NA,0,0,0,0,0,1,1,NA,0
303185077,2,0,0,1,4,NA,4,1,0.589143805,NA,0,0,0,0,0,2,1,NA,0
303187404,-1,0,0,1,3,1,3,0,0.09090942,2,1,1,1,1,2,1,1,0,0
304050418,2,0,0,1,1,2,3,-2,0.295011674,-1,1,1,1,1,2,4,0,0,0
304959667,1,0,1,0,4,1,5,2,0.087733416,3,1,1,1,1,2,3,1,0,1
302713623,-2,1,0,0,1,2,6,0,0.837646861,-1,1,1,1,1,2,4,0,0,1
303083618,-1,1,0,0,1,1,3,-1,1.797280512,0,1,1,1,1,2,4,0,0,0
303189455,-1,1,0,0,4,1,2,0,0.531100954,3,1,1,1,1,2,3,1,0,0
303460157,-2,1,0,0,1,1,2,0,4.26335229,0,1,1,0,0,0,4,0,0,0
303595850,1,1,0,0,1,1,5,0,0.670181151,0,1,1,1,0,1,4,0,0,1
303605608,2,1,0,0,1,1,5,-2,0.876185615,0,1,1,1,1,2,4,0,0,1
303974312,1,1,0,0,3,1,3,-1,1.052254133,2,1,1,0,1,1,2,1,0,0
302912324,0,1,0,0,1,2,2,-1,0.923898235,-1,1,1,1,1,2,3,0,0,0
304234306,1,1,0,0,1,NA,1,-1,2.591449828,NA,0,0,1,0,1,2,0,NA,0
302958812,2,1,0,0,1,2,4,-2,0.295011674,-1,1,1,1,1,2,4,0,0,0
302964671,-1,1,0,0,3,3,1,-1,4.313696432,0,1,2,0,0,0,1,1,1,0
303051960,2,1,0,0,1,3,5,-1,0.241709311,-2,1,2,1,1,2,4,0,1,1
303298485,2,1,0,0,1,1,3,-2,0.187793933,0,1,1,1,1,2,4,0,0,0
302272213,2,1,0,0,1,3,5,-1,0.627811765,-2,1,2,1,1,2,4,0,1,1
302402531,2,1,0,0,2,1,6,-1,1.337952191,1,1,1,1,0,1,4,0,0,1
302473858,2,1,0,0,1,1,3,-1,0.778750341,0,1,1,1,1,2,4,0,0,0
302535131,1,1,0,0,1,1,5,0,0.973540075,0,1,1,1,1,2,4,0,0,1
302638623,1,1,0,0,2,1,3,-1,1.144084817,1,1,1,1,1,2,4,0,0,0
302879607,NA,1,0,0,2,1,2,0,0.897125956,1,1,1,0,0,0,3,0,0,0
303034163,-1,1,0,0,4,2,2,0,1.773649373,2,1,1,1,1,2,4,1,0,0
303037060,-2,1,0,0,1,2,2,-1,1.539520004,-1,1,1,1,1,2,4,0,0,0
303058561,0,1,0,0,4,1,6,0,0.997371653,3,1,1,1,1,2,4,1,0,1
303131458,2,1,0,0,1,1,5,-2,0.734403248,0,1,1,1,1,2,4,0,0,1
303341564,-2,1,0,0,1,1,5,0,0.402189761,0,1,1,1,1,2,3,0,0,1
303466711,NA,1,0,0,2,NA,1,-1,0.395826979,NA,0,0,0,0,0,NA,0,NA,0
303470265,2,1,0,0,1,2,5,-2,0.618664518,-1,1,1,1,1,2,4,0,0,1
303508264,NA,1,0,0,1,1,5,-2,1.719417144,0,1,1,1,1,2,3,0,0,1
304092389,-1,1,0,0,1,NA,2,0,0.321190079,NA,0,0,0,0,0,2,0,NA,0
304130357,-1,1,0,0,2,3,3,-1,0.687563372,-1,1,2,0,0,0,3,0,1,0
304675142,-2,1,0,0,1,1,2,-1,2.095985463,0,1,1,1,1,2,4,0,0,0
304957225,0,1,0,0,1,1,5,0,0.318844292,0,1,1,1,1,2,3,0,0,1
305332620,2,1,0,0,2,2,2,-1,0.596223885,0,1,1,0,0,0,2,0,0,0
302513430,0,1,0,0,1,2,2,-1,1.04575003,-1,1,1,1,1,2,4,0,0,0
302528228,0,1,0,0,1,2,4,-2,0.810195416,-1,1,1,1,1,2,4,0,0,0
302659786,1,1,0,0,1,1,3,0,1.647930038,0,1,1,1,1,2,4,0,0,0
302759337,1,1,0,0,1,2,3,-1,0.95900389,-1,1,1,1,1,2,4,0,0,0
302770186,NA,1,0,0,1,2,2,-2,1.492360134,-1,1,1,0,1,1,4,0,0,0
302774288,1,1,0,0,1,2,3,-1,1.145707964,-1,1,1,1,1,2,4,0,0,0
302823381,1,1,0,0,1,1,3,-1,1.144084817,0,1,1,1,1,2,4,0,0,0
302876231,-1,1,0,0,3,NA,5,-2,0.432475277,NA,0,0,0,0,0,2,1,NA,1
303016477,-2,1,0,0,1,3,3,-1,1.799830367,-2,1,2,1,0,1,4,0,1,0
303101726,-1,1,0,0,1,2,4,-1,0.444914258,-1,1,1,1,1,2,1,0,0,0
303201592,1,1,0,0,1,2,2,-2,0.895596608,-1,1,1,1,1,2,3,0,0,0
303433488,1,1,0,0,1,1,5,-2,0.518529744,0,1,1,1,1,2,4,0,0,1
303474673,1,1,0,0,1,1,4,-1,0.95900389,0,1,1,1,1,2,4,0,0,0
303503683,-1,1,0,0,1,NA,3,0,1.306276234,NA,0,0,0,0,0,3,0,NA,0
303625997,NA,1,0,0,1,2,3,-1,0.955567881,-1,1,1,0,0,0,2,0,0,0
304019713,-1,1,0,0,1,2,2,-2,0.230713139,-1,1,1,1,0,1,3,0,0,0
304089381,-2,1,0,0,1,1,4,-1,1.902723815,0,1,1,0,0,0,2,0,0,0
304263567,2,1,0,0,1,2,3,-1,0.4707372,-1,1,1,1,1,2,2,0,0,0
304439814,-2,1,0,0,1,3,2,0,1.494908535,-2,1,2,1,1,2,4,0,1,0
304675271,0,1,0,0,1,1,5,-1,1.409422977,0,1,1,1,1,2,4,0,0,1
304957360,2,1,0,0,1,1,6,-1,1.554920586,0,1,1,1,1,2,4,0,0,1
304959623,2,1,0,0,1,3,3,-1,1.223364555,-2,1,2,1,1,2,4,0,1,0
305023559,-2,1,0,0,1,3,2,-1,0.312832399,-2,1,2,1,1,2,1,0,1,0
305326135,1,1,0,0,1,2,2,1,1.628667307,-1,1,1,0,0,0,3,0,0,0
303276994,NA,NA,NA,NA,4,NA,5,0,0.494618979,NA,0,0,0,0,0,2,1,NA,1
304390669,-1,NA,NA,NA,1,2,2,0,0.164390193,-1,1,1,0,0,0,NA,0,0,0
304474878,0,NA,NA,NA,3,2,3,NA,0.792904478,1,1,1,0,0,0,2,1,0,0
302558531,2,0,1,0,4,NA,6,1,0.328217643,NA,0,0,1,1,2,4,1,NA,1
302737863,2,0,1,0,3,1,5,0,0.45232657,2,1,1,1,1,2,3,1,0,1
303181480,0,0,1,0,4,4,2,0,0.901253207,0,1,2,0,1,1,3,1,1,0
303189252,NA,0,1,0,4,3,2,0,1.41507719,1,1,2,1,0,1,2,1,1,0
303200157,0,0,1,0,4,3,6,-1,0.261293349,1,1,2,0,1,1,3,1,1,1
303219368,1,0,1,0,4,3,2,0,1.066839049,1,1,2,1,1,2,3,1,1,0
303220187,-1,0,1,0,1,1,6,1,1.110664388,0,1,1,1,1,2,4,0,0,1
303265650,1,0,1,0,3,3,3,1,0.463336165,0,1,2,1,1,2,1,1,1,0
303299639,1,0,1,0,4,1,4,1,1.185589282,3,1,1,1,1,2,4,1,0,0
303384339,1,0,1,0,1,1,1,0,7.005791393,0,1,1,0,1,1,3,0,0,0
303528372,1,0,1,0,4,2,3,0,0.874351187,2,1,1,1,1,2,2,1,0,0
303582546,1,0,1,0,3,2,2,0,1.156854516,1,1,1,1,1,2,4,1,0,0
303623178,1,0,1,0,3,2,6,0,0.573911798,1,1,1,1,1,2,4,1,0,1
303764492,2,0,1,0,1,1,5,0,0.340291085,0,1,1,1,1,2,2,0,0,1
303826396,2,0,1,0,4,1,3,0,0.464430629,3,1,1,1,1,2,4,1,0,0
303940158,2,0,1,0,3,1,4,1,0.336923741,2,1,1,1,1,2,1,1,0,0
304717726,2,0,1,0,4,3,2,2,0.167646464,1,1,2,1,0,1,2,1,1,0
305194813,-2,0,1,0,3,3,3,1,0.841730673,0,1,2,0,0,0,2,1,1,0
305275522,-1,0,1,0,3,1,2,0,0.584340954,2,1,1,1,1,2,3,1,0,0
305326134,0,0,1,0,3,3,2,1,1.451164163,0,1,2,1,1,2,3,1,1,0
301366648,2,0,1,0,4,1,5,1,0.412372771,3,1,1,1,1,2,4,1,0,1
302474559,0,0,1,0,4,2,3,1,0.682429721,2,1,1,0,0,0,3,1,0,0
302511116,2,0,1,0,4,1,4,1,0.675221672,3,1,1,1,1,2,4,1,0,0
302550190,2,0,1,0,4,1,3,2,0.296781054,3,1,1,1,1,2,4,1,0,0
302562083,2,0,1,0,4,1,5,1,0.753725657,3,1,1,1,1,2,4,1,0,1
302600639,2,0,1,0,4,1,3,2,3.431557249,3,1,1,1,1,2,4,1,0,0
302617105,2,0,1,0,4,1,6,2,0.208575502,3,1,1,1,1,2,4,1,0,1
302619045,2,0,1,0,4,1,4,2,0.631282034,3,1,1,1,1,2,4,1,0,0
302644154,1,0,1,0,4,1,2,1,2.236730193,3,1,1,1,1,2,4,1,0,0
302681110,2,0,1,0,4,3,3,-1,1.994345616,1,1,2,1,0,1,4,1,1,0
302837631,2,0,1,0,4,1,2,0,1.531624657,3,1,1,1,1,2,4,1,0,0
302875079,2,0,1,0,4,1,5,0,0.997450981,3,1,1,1,1,2,4,1,0,1
302937443,2,0,1,0,4,2,3,2,0.630387685,2,1,1,1,0,1,4,1,0,0
303064224,2,0,1,0,4,2,3,1,0.596157286,2,1,1,1,1,2,3,1,0,0
303167468,1,0,1,0,4,3,4,1,1.07205132,1,1,2,0,0,0,3,1,1,0
303175579,2,0,1,0,3,3,6,0,0.449924755,0,1,2,0,0,0,2,1,1,1
303181659,2,0,1,0,4,1,5,1,0.753725657,3,1,1,1,1,2,4,1,0,1
303193020,2,0,1,0,3,4,3,NA,4.143871686,-1,1,2,1,0,1,4,1,1,0
303254364,0,0,1,0,4,2,5,1,0.50170546,2,1,1,0,0,0,3,1,0,1
303259842,2,0,1,0,3,3,5,-2,1.05408559,0,1,2,0,0,0,4,1,1,1
303288666,-2,0,1,0,4,2,3,-1,1.7661567,2,1,1,0,0,0,3,1,0,0
303296435,2,0,1,0,3,3,6,1,0.879996552,0,1,2,0,0,0,4,1,1,1
303323291,2,0,1,0,3,3,6,1,0.259929241,0,1,2,1,1,2,3,1,1,1
303332374,1,0,1,0,4,3,2,0,0.414429505,1,1,2,0,0,0,2,1,1,0
303345161,-1,0,1,0,1,3,2,-1,0.557167503,-2,1,2,0,0,0,3,0,1,0
303440454,0,0,1,0,3,3,4,1,1.025905237,0,1,2,1,1,2,3,1,1,0
303460390,2,0,1,0,4,4,4,0,2.934083462,0,1,2,1,1,2,4,1,1,0
303577565,2,0,1,0,3,3,5,1,0.340633294,0,1,2,0,0,0,1,1,1,1
303612877,2,0,1,0,4,4,3,1,0.991987833,0,1,2,1,1,2,4,1,1,0
303616276,0,0,1,0,4,NA,2,NA,0.190100418,NA,0,0,0,0,0,NA,1,NA,0
303619912,1,0,1,0,3,3,6,1,0.97346265,0,1,2,0,1,1,4,1,1,1
303629721,2,0,1,0,4,1,6,2,0.416902998,3,1,1,1,1,2,4,1,0,1
303632097,1,0,1,0,3,3,6,1,0.965519963,0,1,2,1,1,2,4,1,1,1
303649799,1,0,1,0,4,1,4,2,0.630387685,3,1,1,1,1,2,4,1,0,0
303669190,1,0,1,0,4,NA,2,-1,1.220448867,NA,0,0,0,0,0,1,1,NA,0
303704053,0,0,1,0,4,1,2,NA,0.832814159,3,1,1,1,1,2,4,1,0,0
303706564,1,0,1,0,3,3,3,-1,4.685700015,0,1,2,1,0,1,3,1,1,0
303740911,NA,0,1,0,3,NA,3,2,1.664658205,NA,0,0,0,0,0,1,1,NA,0
303786327,2,0,1,0,4,3,3,1,1.07205132,1,1,2,1,0,1,3,1,1,0
303836014,0,0,1,0,4,2,5,0,1.658725424,2,1,1,1,1,2,4,1,0,1
304087162,2,0,1,0,4,2,2,2,2.323515911,2,1,1,1,1,2,3,1,0,0
304239401,0,0,1,0,4,NA,2,0,0.33339479,NA,0,0,0,0,0,NA,1,NA,0
304375392,0,0,1,0,4,1,2,NA,0.189406622,3,1,1,1,1,2,3,1,0,0
304375718,1,0,1,0,3,2,2,0,0.409997397,1,1,1,0,0,0,3,1,0,0
304467809,2,0,1,0,4,4,2,1,1.865073311,0,1,2,1,1,2,4,1,1,0
304675094,2,0,1,0,3,1,6,2,0.613567902,2,1,1,1,1,2,4,1,0,1
305009759,1,0,1,0,4,3,4,1,0.234518091,1,1,2,0,0,0,NA,1,1,0
305116666,1,0,1,0,2,3,4,1,0.892573158,-1,1,2,0,1,1,3,0,1,0
305277439,0,0,1,0,4,NA,2,1,3.397660466,NA,0,0,0,0,0,3,1,NA,0
302322646,1,0,0,1,2,2,2,1,0.589228112,0,1,1,0,0,0,3,0,0,0
302514877,-2,0,0,1,1,2,3,-1,0.778750341,-1,1,1,1,1,2,4,0,0,0
302524944,1,0,0,1,2,2,5,0,1.311609435,0,1,1,1,1,2,3,0,0,1
302527988,-1,0,0,1,1,1,4,-1,1.799830367,0,1,1,1,1,2,4,0,0,0
302541580,-1,0,0,1,2,1,5,0,0.440292777,1,1,1,0,0,0,3,0,0,1
302561074,-2,0,0,1,1,2,4,0,0.969581515,-1,1,1,1,1,2,4,0,0,0
302584087,-1,0,0,1,1,2,4,-1,1.223364555,-1,1,1,1,1,2,4,0,0,0
302619416,1,0,0,1,1,3,6,0,0.502308554,-2,1,2,0,0,0,3,0,1,1
302670829,0,0,0,1,1,1,3,0,0.581866197,0,1,1,1,1,2,3,0,0,0
302687468,-1,0,0,1,1,3,2,-1,2.095985463,-2,1,2,1,0,1,4,0,1,0
302757293,0,0,0,1,1,2,3,0,0.811578931,-1,1,1,1,1,2,4,0,0,0
302777843,-1,0,0,1,1,1,5,0,0.584241812,0,1,1,1,1,2,3,0,0,1
302888179,2,0,0,1,4,1,3,0,2.158160113,3,1,1,1,1,2,4,1,0,0
302984876,0,0,0,1,2,3,3,0,0.969581515,-1,1,2,0,0,0,4,0,1,0
303022906,-1,0,0,1,1,1,6,0,0.664104241,0,1,1,1,1,2,4,0,0,1
303060154,2,0,0,1,1,2,3,-1,1.799830367,-1,1,1,1,0,1,4,0,0,0
303104548,-2,0,0,1,2,2,4,1,0.96820789,0,1,1,1,0,1,4,0,0,0
303212108,1,0,0,1,2,1,6,0,0.325436578,1,1,1,1,1,2,3,0,0,1
303219991,-2,0,0,1,1,2,3,-1,1.080115941,-1,1,1,1,1,2,3,0,0,0
303236932,1,0,0,1,3,2,4,0,0.5262254,1,1,1,0,0,0,3,1,0,0
303387375,-1,0,0,1,2,2,3,0,2.076290305,0,1,1,1,1,2,4,0,0,0
303470214,1,0,0,1,2,1,5,0,0.45232657,1,1,1,1,1,2,3,0,0,1
303471974,0,0,0,1,3,NA,2,0,0.175656881,NA,0,0,0,0,0,NA,1,NA,0
303513291,0,0,0,1,4,3,5,0,0.125388285,1,1,2,0,0,0,2,1,1,1
303639352,0,0,0,1,3,2,2,0,0.400245085,1,1,1,0,1,1,3,1,0,0
303657091,0,0,0,1,NA,NA,2,NA,0.065328242,NA,0,0,0,0,0,NA,NA,NA,0
303754006,0,0,0,1,2,1,1,0,7.005791393,1,1,1,0,0,0,2,0,0,0
303819032,-1,0,0,1,1,2,4,-2,0.810195416,-1,1,1,1,1,2,4,0,0,0
303831364,0,0,0,1,NA,NA,3,0,0.556943444,NA,0,0,0,0,0,2,NA,NA,0
303951238,-2,0,0,1,2,NA,2,NA,1.095118386,NA,0,0,0,0,0,3,0,NA,0
304090118,-1,0,0,1,2,2,2,0,0.51065636,0,1,1,1,0,1,3,0,0,0
304098766,-1,0,0,1,3,2,3,0,0.499007752,1,1,1,1,1,2,3,1,0,0
304234329,0,0,0,1,1,1,2,-2,0.337503636,0,1,1,1,1,2,3,0,0,0
304496871,-1,0,0,1,1,2,2,0,0.185762543,-1,1,1,1,1,2,1,0,0,0
304674974,1,0,0,1,3,1,6,0,0.965519963,2,1,1,0,0,0,4,1,0,1
304789405,0,0,0,1,3,NA,3,1,5.684298797,NA,0,0,0,0,0,3,1,NA,0
304959502,-2,0,0,1,1,1,2,0,0.781869969,0,1,1,0,0,0,3,0,0,0
305301311,0,0,0,1,2,3,3,-1,4.386109333,-1,1,2,1,0,1,3,0,1,0
303305510,1,0,0,1,4,NA,5,2,0.179067392,NA,0,0,1,1,2,3,1,NA,1
305215930,NA,0,0,1,3,NA,2,NA,0.120569516,NA,0,0,1,0,1,3,1,NA,0
302586681,2,0,1,0,4,1,5,0,0.997450981,3,1,1,1,1,2,4,1,0,1
302609712,2,0,1,0,3,2,3,0,1.137153604,1,1,1,1,1,2,4,1,0,0
302732449,0,0,1,0,3,1,5,0,0.753725657,2,1,1,1,1,2,4,1,0,1
302892303,2,0,1,0,3,1,6,2,0.613567902,2,1,1,1,1,2,4,1,0,1
303028322,2,0,1,0,3,1,5,2,0.531265239,2,1,1,1,1,2,4,1,0,1
303125553,-1,0,1,0,3,1,5,0,0.753725657,2,1,1,1,0,1,4,1,0,1
303302213,0,0,1,0,4,4,2,-1,3.292769659,0,1,2,0,0,0,NA,1,1,0
303313760,1,0,1,0,3,2,5,0,3.074782024,1,1,1,1,1,2,3,1,0,1
303320250,0,0,1,0,3,2,5,0,0.50170546,1,1,1,1,1,2,3,1,0,1
303351843,1,0,1,0,3,1,2,0,0.628758184,2,1,1,1,1,2,3,1,0,0
303858448,2,0,1,0,4,4,4,2,0.393822997,0,1,2,1,0,1,3,1,1,0
304212233,1,0,1,0,3,3,3,NA,1.159192341,0,1,2,0,0,0,2,1,1,0
304229424,1,0,1,0,1,1,1,NA,2.760728274,0,1,1,0,0,0,2,0,0,0
304371716,0,0,1,0,3,2,2,0,0.801073307,1,1,1,1,1,2,3,1,0,0
304483372,1,0,1,0,3,2,5,1,0.670181151,1,1,1,0,1,1,4,1,0,1
304598859,-2,0,1,0,1,2,2,0,1.137875676,-1,1,1,0,0,0,1,0,0,0
304672988,-1,0,1,0,4,1,3,1,0.675221672,3,1,1,0,1,1,4,1,0,0
304111318,-2,0,0,1,1,1,2,NA,0.9638925,0,1,1,1,1,2,2,0,0,0
302898255,0,0,0,1,2,3,3,0,0.526667251,-1,1,2,0,0,0,2,0,1,0
303509020,NA,0,0,1,4,NA,2,-1,0.69871487,NA,0,0,0,0,0,1,1,NA,0
303673140,1,0,0,1,2,NA,2,0,0.829139453,NA,0,0,0,0,0,2,0,NA,0
304092303,-1,0,0,1,1,2,2,0,1.03283271,-1,1,1,0,0,0,1,0,0,0
304124453,NA,0,0,1,3,2,2,NA,0.254864201,1,1,1,0,0,0,NA,1,0,0
305338429,2,0,0,1,NA,NA,2,-1,0.479623826,NA,0,0,0,1,1,1,NA,NA,0
301386637,1,0,0,1,3,1,3,0,0.320178889,2,1,1,1,1,2,4,1,0,0
303008660,2,0,0,1,1,1,5,0,0.169213911,0,1,1,1,1,2,4,0,0,1
303131470,0,0,0,1,3,1,5,2,0.146192886,2,1,1,1,0,1,4,1,0,1
303221978,-1,0,0,1,1,2,4,NA,0.11294825,-1,1,1,0,0,0,2,0,0,0
304957203,2,0,0,1,1,2,6,0,0.192673265,-1,1,1,1,1,2,4,0,0,1
304957971,1,0,0,1,1,1,3,-1,0.373394107,0,1,1,1,1,2,4,0,0,0
302473643,-1,1,0,0,1,3,2,-1,0.767776221,-2,1,2,1,1,2,4,0,1,0
302524336,0,1,0,0,1,4,5,0,1.618962441,-3,1,2,1,1,2,4,0,1,1
302601840,0,1,0,0,1,2,5,-1,0.869290985,-1,1,1,1,1,2,4,0,0,1
302611113,-1,1,0,0,1,2,5,-2,0.876185615,-1,1,1,1,1,2,4,0,0,1
302684589,-2,1,0,0,2,2,5,0,1.370699285,0,1,1,1,1,2,3,0,0,1
302835378,-1,1,0,0,2,NA,2,0,0.604967652,NA,0,0,0,0,0,4,0,NA,0
302940898,-1,1,0,0,1,3,5,-1,1.150385605,-2,1,2,1,1,2,4,0,1,1
303125557,-1,1,0,0,1,1,5,0,0.423330545,0,1,1,1,1,2,4,0,0,1
303151891,-2,1,0,0,1,1,5,-1,1.913050252,0,1,1,1,1,2,4,0,0,1
303225450,0,1,0,0,1,1,3,0,1.749185358,0,1,1,0,0,0,3,0,0,0
303262391,2,1,0,0,1,2,2,-2,0.827936647,-1,1,1,1,1,2,4,0,0,0
303265654,-1,1,0,0,1,1,5,1,0.777013241,0,1,1,0,0,0,2,0,0,1
303571922,-1,1,0,0,1,1,3,0,1.04901362,0,1,1,0,0,0,4,0,0,0
303619767,0,1,0,0,1,NA,4,0,0.105940532,NA,0,0,1,1,2,NA,0,NA,0
304153066,0,1,0,0,1,NA,2,0,1.210377731,NA,0,0,0,0,0,2,0,NA,0
304955564,2,1,0,0,1,3,5,0,0.554401628,-2,1,2,1,1,2,4,0,1,1
303598990,2,1,0,0,2,2,3,0,1.244974193,0,1,1,0,0,0,3,0,0,0
302478593,1,1,0,0,1,3,5,-1,0.986250174,-2,1,2,1,1,2,4,0,1,1
302481509,0,1,0,0,2,1,6,-1,1.094611644,1,1,1,0,0,0,2,0,0,1
302482908,0,1,0,0,1,3,3,0,0.154521796,-2,1,2,0,0,0,1,0,1,0
302532230,NA,1,0,0,1,2,4,-1,1.797280512,-1,1,1,1,1,2,4,0,0,0
302687274,1,1,0,0,3,2,5,0,0.877681816,1,1,1,1,1,2,4,1,0,1
302707001,1,1,0,0,4,1,3,0,0.991987833,3,1,1,1,1,2,4,1,0,0
302709807,1,1,0,0,1,1,2,-1,2.418482669,0,1,1,1,1,2,4,0,0,0
302714236,-2,1,0,0,1,1,3,-1,1.223364555,0,1,1,1,1,2,4,0,0,0
302717118,0,1,0,0,1,1,2,0,1.129122387,0,1,1,0,0,0,4,0,0,0
302845943,0,1,0,0,3,1,4,NA,0.483061423,2,1,1,1,0,1,1,1,0,0
302957405,1,1,0,0,2,3,4,-1,0.579734604,-1,1,2,0,0,0,2,0,1,0
303274829,2,1,0,0,1,1,6,-1,1.500250682,0,1,1,1,1,2,3,0,0,1
303292031,-2,1,0,0,2,2,5,-1,0.226070037,0,1,1,1,1,2,1,0,0,1
303335652,-1,1,0,0,2,3,5,0,0.3690286,-1,1,2,0,0,0,3,0,1,1
303348971,-1,1,0,0,2,3,5,-1,0.397270461,-1,1,2,1,1,2,3,0,1,1
303367132,-1,1,0,0,3,3,5,0,0.343935966,0,1,2,1,0,1,2,1,1,1
303433544,0,1,0,0,1,2,5,NA,0.256148332,-1,1,1,0,0,0,2,0,0,1
303447093,0,1,0,0,3,3,3,-1,3.306524307,0,1,2,0,0,0,2,1,1,0
303470572,0,1,0,0,1,2,3,0,0.487045533,-1,1,1,0,0,0,3,0,0,0
303609240,-1,1,0,0,1,2,5,-2,0.355288363,-1,1,1,1,1,2,3,0,0,1
303609629,0,1,0,0,1,1,4,-1,1.797280512,0,1,1,1,1,2,4,0,0,0
303613492,1,1,0,0,3,2,5,-1,0.592841274,1,1,1,1,1,2,3,1,0,1
303626242,0,1,0,0,2,3,5,-1,1.595563123,-1,1,2,1,1,2,2,0,1,1
303661176,1,1,0,0,1,1,2,-1,1.665331398,0,1,1,1,1,2,3,0,0,0
303665478,-2,1,0,0,1,1,2,-1,0.923898235,0,1,1,1,1,2,3,0,0,0
303760916,-1,1,0,0,2,2,6,-1,0.736281026,0,1,1,1,1,2,1,0,0,1
303920375,-2,1,0,0,1,1,2,-2,0.608065981,0,1,1,0,0,0,1,0,0,0
304160407,-1,1,0,0,2,NA,3,0,0.80867113,NA,0,0,0,0,0,2,0,NA,0
304478746,-2,1,0,0,1,4,2,0,0.34496499,-3,1,2,0,1,1,2,0,1,0
304482647,2,1,0,0,1,3,5,-1,0.473127701,-2,1,2,1,1,2,4,0,1,1
304673169,1,1,0,0,1,1,5,0,0.531300036,0,1,1,1,1,2,4,0,0,1
305316414,0,1,0,0,2,3,2,-1,1.45138216,-1,1,2,1,1,2,3,0,1,0
305332542,0,1,0,0,1,1,2,-1,0.70641918,0,1,1,0,0,0,3,0,0,0
302513212,2,1,0,0,1,3,3,-1,0.865387909,-2,1,2,1,1,2,4,0,1,0
302554280,-1,1,0,0,1,1,5,-1,1.459482538,0,1,1,1,1,2,4,0,0,1
302558502,2,1,0,0,1,2,5,-1,0.869290985,-1,1,1,1,1,2,4,0,0,1
302565378,-1,1,0,0,1,3,3,-1,0.778750341,-2,1,2,1,1,2,4,0,1,0
302587040,1,1,0,0,1,3,3,-1,1.797280512,-2,1,2,1,1,2,4,0,1,0
302676251,2,1,0,0,1,2,6,-1,1.312418827,-1,1,1,1,1,2,4,0,0,1
302715671,2,1,0,0,3,2,6,-1,1.014117549,1,1,1,1,1,2,4,1,0,1
302770144,-1,1,0,0,1,3,3,-1,0.555374758,-2,1,2,0,1,1,4,0,1,0
302801491,-2,1,0,0,1,NA,2,-2,0.362434868,NA,0,0,0,0,0,3,0,NA,0
302861288,2,1,0,0,1,2,2,-1,1.04575003,-1,1,1,1,1,2,4,0,0,0
303010263,0,1,0,0,2,3,2,-2,1.12719755,-1,1,2,1,1,2,4,0,1,0
303125003,-2,1,0,0,1,1,4,-2,0.553614516,0,1,1,0,0,0,3,0,0,0
303151393,2,1,0,0,1,1,2,-1,1.04575003,0,1,1,1,1,2,4,0,0,0
303153144,0,1,0,0,1,2,3,-1,0.95900389,-1,1,1,1,1,2,4,0,0,0
303185056,-1,1,0,0,3,3,6,-2,0.140520642,0,1,2,1,1,2,3,1,1,1
303197325,1,1,0,0,1,1,5,-2,0.66903868,0,1,1,1,1,2,4,0,0,1
303201488,2,1,0,0,2,1,6,-1,2.356793197,1,1,1,0,0,0,3,0,0,1
303211122,1,1,0,0,1,1,6,-1,1.312418827,0,1,1,1,1,2,4,0,0,1
303367019,-2,1,0,0,1,3,5,-1,1.244054645,-2,1,2,1,1,2,4,0,1,1
303371060,-2,1,0,0,1,2,2,0,0.460063825,-1,1,1,1,1,2,1,0,0,0
303433091,-1,1,0,0,3,3,5,-1,0.804173051,0,1,2,0,0,0,2,1,1,1
303852212,0,1,0,0,1,1,2,-2,1.492360134,0,1,1,1,1,2,4,0,0,0
304035620,1,1,0,0,2,2,2,-1,1.060090706,0,1,1,1,1,2,3,0,0,0
304106034,-1,1,0,0,1,1,4,-1,0.987099502,0,1,1,0,0,0,4,0,0,0
304239549,0,1,0,0,1,2,2,-1,1.334229759,-1,1,1,1,1,2,4,0,0,0
304344190,2,1,0,0,1,1,2,-1,4.681408362,0,1,1,1,1,2,4,0,0,0
304422350,0,1,0,0,1,2,2,-1,1.766461702,-1,1,1,1,1,2,4,0,0,0
304526941,-2,1,0,0,1,1,2,-1,1.924518027,0,1,1,0,0,0,3,0,0,0
304672979,-2,1,0,0,1,1,6,-1,0.989807113,0,1,1,1,1,2,4,0,0,1
304675735,1,1,0,0,1,2,5,-1,0.986250174,-1,1,1,1,1,2,4,0,0,1
304956734,2,1,0,0,1,2,5,-1,0.986250174,-1,1,1,1,1,2,4,0,0,1
305338362,-1,1,0,0,2,2,2,-1,0.379534908,0,1,1,0,0,0,2,0,0,0
304536015,NA,NA,NA,NA,1,1,2,-1,1.220448867,0,1,1,0,0,0,1,0,0,0
304851258,0,NA,NA,NA,1,NA,1,NA,3.008983963,NA,0,0,0,0,0,1,0,NA,0
305236594,0,NA,NA,NA,2,2,2,NA,0.898558717,0,1,1,0,0,0,NA,0,0,0
303084709,NA,0,1,0,4,4,4,1,0.296222696,0,1,2,0,0,0,2,1,1,0
303255260,2,0,1,0,4,1,3,0,0.946776301,3,1,1,1,1,2,4,1,0,0
303286380,2,0,1,0,3,NA,2,NA,0.340355478,NA,0,0,0,0,0,2,1,NA,0
303291899,0,0,1,0,4,2,6,1,0.425174022,2,1,1,0,1,1,3,1,0,1
303509183,NA,0,1,0,4,NA,2,1,0.08295942,NA,0,0,0,0,0,NA,1,NA,0
303583652,NA,0,1,0,1,NA,2,-1,0.291272059,NA,0,0,0,0,0,1,0,NA,0
303930808,NA,0,1,0,4,NA,2,NA,0.205573378,NA,0,0,0,0,0,NA,1,NA,0
302517873,NA,0,1,0,4,1,5,1,0.997450981,3,1,1,1,1,2,4,1,0,1
302598049,2,0,1,0,3,2,6,2,0.364709039,1,1,1,0,0,0,4,1,0,1
302644140,1,0,1,0,3,2,3,0,0.936926451,1,1,1,1,1,2,3,1,0,0
302762384,1,0,1,0,4,NA,6,2,0.429483555,NA,0,0,0,0,0,3,1,NA,1
302770256,NA,0,1,0,NA,NA,3,0,0.368412192,NA,0,0,0,0,0,NA,NA,NA,0
302955455,2,0,1,0,4,1,6,1,0.997371653,3,1,1,1,1,2,4,1,0,1
303017633,2,0,1,0,4,1,6,1,1.137943174,3,1,1,1,1,2,4,1,0,1
303036817,2,0,1,0,4,1,6,2,0.416902998,3,1,1,1,1,2,4,1,0,1
303089718,2,0,1,0,4,3,2,0,0.167482009,1,1,2,0,1,1,3,1,1,0
303188776,1,0,1,0,4,NA,2,0,0.094482756,NA,0,0,0,0,0,NA,1,NA,0
303192476,0,0,1,0,3,1,6,1,0.997371653,2,1,1,1,1,2,4,1,0,1
303302376,1,0,1,0,2,2,6,1,0.34830813,0,1,1,0,0,0,2,0,0,1
303927631,-1,0,1,0,3,2,4,1,0.988313519,1,1,1,0,0,0,3,1,0,0
303927690,0,0,1,0,4,NA,3,NA,1.123921691,NA,0,0,0,0,0,4,1,NA,0
303983772,2,0,1,0,4,1,3,1,0.831511944,3,1,1,1,1,2,4,1,0,0
304673413,1,0,1,0,4,1,5,1,0.54434918,3,1,1,1,1,2,4,1,0,1
304757527,1,0,1,0,3,2,3,0,0.936926451,1,1,1,0,0,0,3,1,0,0
304813578,NA,0,1,0,NA,NA,2,0,0.69690236,NA,0,0,0,0,0,1,NA,NA,0
305021357,0,0,1,0,NA,NA,2,NA,0.384717177,NA,0,0,0,0,0,3,NA,NA,0
305236580,NA,0,1,0,4,NA,1,0,3.949584919,NA,1,NA,0,0,0,2,1,NA,0
303192819,NA,0,0,1,NA,NA,2,-1,2.725887002,NA,0,0,0,0,0,1,NA,NA,0
303374589,NA,0,0,1,4,3,5,0,0.598591248,1,1,2,0,0,0,3,1,1,1
304130454,2,0,0,1,1,NA,2,NA,0.08680311,NA,0,0,0,0,0,NA,0,NA,0
304407977,NA,0,0,1,3,3,2,0,0.414666884,0,1,2,0,0,0,NA,1,1,0
304732405,1,0,0,1,4,3,5,0,0.056833995,1,1,2,1,0,1,NA,1,1,1
305320624,NA,0,0,1,1,1,2,NA,0.684162317,0,1,1,0,0,0,4,0,0,0
303694318,0,0,0,1,4,NA,2,0,0.471363353,NA,0,0,0,0,0,1,1,NA,0
302576825,2,0,1,0,4,1,6,1,0.858220123,3,1,1,1,0,1,4,1,0,1
303436904,1,0,1,0,4,2,5,0,0.995435907,2,1,1,1,1,2,3,1,0,1
304338395,NA,0,0,1,1,NA,2,0,0.141844746,NA,0,0,0,0,0,1,0,NA,0
303326126,NA,0,0,1,NA,NA,2,NA,0.220878845,NA,0,0,0,0,0,NA,NA,NA,0
303709391,NA,0,0,1,1,NA,3,NA,1.031015635,NA,0,0,0,0,0,NA,0,NA,0
303898730,NA,0,0,1,3,NA,3,0,0.845276151,NA,0,0,0,0,0,1,1,NA,0
305041687,NA,0,0,1,3,3,1,NA,2.444699455,0,1,2,0,0,0,1,1,1,0
301514053,2,0,1,0,4,1,5,2,0.282059914,3,1,1,1,1,2,2,1,0,1
303229602,2,0,1,0,2,1,3,NA,1.213998681,1,1,1,0,0,0,1,0,0,0
303399144,1,0,1,0,3,NA,4,1,0.845276151,NA,0,0,0,0,0,1,1,NA,0
304172382,0,0,0,1,NA,NA,3,NA,0.361255141,NA,0,0,1,0,1,4,NA,NA,0
305147430,NA,0,0,1,NA,NA,4,NA,0.478480392,NA,0,0,0,0,0,4,NA,NA,0
303084915,2,1,0,0,2,2,5,NA,0.631839037,0,1,1,1,1,2,4,0,0,1
303429550,0,1,0,0,1,NA,2,-1,0.218401573,NA,0,0,0,0,0,2,0,NA,0
303622005,-1,1,0,0,NA,NA,3,1,0.385766443,NA,0,0,0,0,0,1,NA,NA,0
303647834,-2,1,0,0,1,2,3,0,3.162939952,-1,1,1,0,0,0,3,0,0,0
304673963,1,1,0,0,1,1,3,-1,0.778750341,0,1,1,1,1,2,4,0,0,0
304957759,1,1,0,0,1,1,5,-1,0.627811765,0,1,1,1,1,2,4,0,0,1
304604136,NA,1,0,0,1,2,2,0,0.415891231,-1,1,1,1,0,1,1,0,0,0
302689675,-1,1,0,0,1,3,4,-1,0.329204856,-2,1,2,0,0,0,3,0,1,0
302534348,-1,1,0,0,2,3,3,0,0.469998565,-1,1,2,0,1,1,4,0,1,0
302602593,NA,1,0,0,2,NA,5,NA,0.311868579,NA,0,0,0,0,0,2,0,NA,1
303033994,NA,1,0,0,1,NA,5,-2,0.85807601,NA,0,0,0,0,0,2,0,NA,1
303664682,-1,1,0,0,2,2,2,0,0.290351316,0,1,1,0,0,0,2,0,0,0
304086932,0,1,0,0,2,2,2,-2,0.808139369,0,1,1,0,0,0,1,0,0,0
303234936,0,1,0,0,2,1,2,1,0.362908051,1,1,1,1,1,2,3,0,0,0
303241783,2,1,0,0,1,2,5,-2,0.734403248,-1,1,1,1,1,2,4,0,0,1
303731951,-1,1,0,0,1,1,3,-1,0.555374758,0,1,1,1,1,2,4,0,0,0
303818035,1,1,0,0,1,2,3,-1,0.865387909,-1,1,1,1,0,1,4,0,0,0
302514752,0,NA,NA,NA,NA,NA,2,NA,1.168038023,NA,0,0,0,0,0,1,NA,NA,0
302940658,NA,NA,NA,NA,NA,NA,1,NA,2.118706321,NA,0,0,0,0,0,1,NA,NA,0
303630654,NA,NA,NA,NA,NA,NA,4,NA,0.792904478,NA,0,0,0,0,0,2,NA,NA,0
304617045,NA,NA,NA,NA,3,NA,4,NA,0.28397519,NA,0,0,0,0,0,NA,1,NA,0
305270640,0,NA,NA,NA,4,3,1,NA,6.907204832,1,1,2,0,0,0,1,1,1,0
305324857,NA,NA,NA,NA,NA,NA,2,0,2.33228028,NA,0,0,0,0,0,3,NA,NA,0
302510607,NA,0,1,0,3,2,4,-1,0.622337426,1,1,1,1,0,1,2,1,0,0
302603521,NA,0,1,0,NA,NA,5,NA,0.357875626,NA,0,0,0,0,0,1,NA,NA,1
302780783,1,0,1,0,3,3,3,NA,0.429170843,0,1,2,1,1,2,3,1,1,0
303185542,1,0,1,0,3,NA,6,0,2.350667422,NA,0,0,0,0,0,3,1,NA,1
303186091,0,0,1,0,1,1,4,-1,1.506530789,0,1,1,1,1,2,4,0,0,0
303187631,0,0,1,0,3,NA,5,1,0.460260268,NA,0,0,1,1,2,3,1,NA,1
303192896,NA,0,1,0,2,NA,1,2,4.172626743,NA,0,0,0,0,0,1,0,NA,0
303329338,1,0,1,0,1,1,2,1,0.919160071,0,1,1,0,0,0,3,0,0,0
304034201,1,0,1,0,1,2,2,0,1.041264772,-1,1,1,0,0,0,3,0,0,0
302665777,1,0,1,0,4,3,2,0,1.627403345,1,1,2,1,0,1,2,1,1,0
302709561,0,0,1,0,3,3,4,NA,0.361865101,0,1,2,0,0,0,2,1,1,0
302965340,1,0,1,0,NA,NA,4,-1,0.711494402,NA,0,0,0,0,0,3,NA,NA,0
303193402,1,0,1,0,4,4,4,2,0.992128839,0,1,2,1,0,1,4,1,1,0
303210308,NA,0,1,0,4,3,5,1,1.832738973,1,1,2,0,1,1,4,1,1,1
303218906,NA,0,1,0,NA,NA,2,NA,0.205573378,NA,0,0,0,0,0,NA,NA,NA,0
303326325,1,0,1,0,2,1,1,2,2.154771371,1,1,1,1,1,2,2,0,0,0
303339129,2,0,1,0,4,1,4,1,1.137153604,3,1,1,1,1,2,4,1,0,0
303553373,0,0,1,0,4,NA,2,0,0.650546193,NA,0,0,0,0,0,2,1,NA,0
303761302,2,0,1,0,3,1,5,1,1.166656412,2,1,1,1,1,2,4,1,0,1
304141479,0,0,1,0,4,NA,2,0,0.135331917,NA,0,0,0,0,0,2,1,NA,0
304609474,NA,0,1,0,4,NA,5,NA,0.224169507,NA,0,0,1,1,2,2,1,NA,1
304620912,0,0,1,0,3,3,2,0,3.353710911,0,1,2,0,0,0,1,1,1,0
302649655,-2,0,0,1,1,1,3,-2,0.615276024,0,1,1,1,0,1,4,0,0,0
302652752,NA,0,0,1,1,3,3,-1,0.395094567,-2,1,2,1,1,2,3,0,1,0
302679000,NA,0,0,1,1,NA,3,0,1.520989656,NA,0,0,0,0,0,4,0,NA,0
302906672,NA,0,0,1,4,NA,1,NA,6.907204832,NA,0,0,0,0,0,2,1,NA,0
302968532,NA,0,0,1,2,1,4,-2,0.563604779,1,1,1,0,0,0,1,0,0,0
303185611,NA,0,0,1,1,NA,1,NA,1.390018556,NA,0,0,0,0,0,3,0,NA,0
303364564,NA,0,0,1,1,NA,3,NA,0.60851035,NA,0,0,0,0,0,1,0,NA,0
303367191,-1,0,0,1,3,2,5,0,0.494618979,1,1,1,0,0,0,2,1,0,1
303453795,0,0,0,1,NA,NA,2,2,2.323515911,NA,0,0,0,0,0,3,NA,NA,0
303629962,NA,0,0,1,NA,NA,6,1,0.1522128,NA,0,0,0,0,0,NA,NA,NA,1
303665668,2,0,0,1,4,2,2,0,3.163901561,2,1,1,0,0,0,3,1,0,0
304506114,-1,0,0,1,NA,NA,5,0,0.3690286,NA,0,0,1,0,1,3,NA,NA,1
304551603,NA,0,0,1,NA,NA,3,0,0.995736464,NA,0,0,0,0,0,3,NA,NA,0
302532931,NA,0,1,0,3,2,5,0,1.00850407,1,1,1,0,0,0,3,1,0,1
302903307,2,0,1,0,2,1,5,2,0.102080602,1,1,1,0,0,0,3,0,0,1
303348569,NA,0,1,0,4,2,2,0,1.476254636,2,1,1,1,1,2,2,1,0,0
303680120,0,0,1,0,3,3,5,0,0.6477623,0,1,2,1,1,2,2,1,1,1
303824661,0,0,1,0,3,2,3,1,0.349610195,1,1,1,1,1,2,NA,1,0,0
302782053,2,0,0,1,1,NA,1,NA,3.370300584,NA,0,0,0,0,0,4,0,NA,0
303146051,0,0,0,1,4,3,4,0,0.31911887,1,1,2,0,0,0,3,1,1,0
303211537,NA,0,0,1,3,NA,2,NA,0.530892614,NA,0,0,0,0,0,NA,1,NA,0
303329004,NA,0,0,1,NA,NA,2,NA,0.857934339,NA,0,0,0,0,0,1,NA,NA,0
303718407,0,0,0,1,1,1,3,NA,0.531465574,0,1,1,0,0,0,1,0,0,0
303867178,0,0,0,1,2,NA,5,NA,0.04881565,NA,0,0,1,1,2,NA,0,NA,1
303955671,0,0,0,1,NA,NA,2,NA,0.533203662,NA,0,0,0,0,0,NA,NA,NA,0
304129849,NA,0,0,1,NA,NA,2,0,0.738977876,NA,0,0,0,0,0,NA,NA,NA,0
304590673,0,0,0,1,NA,NA,5,NA,2.167968301,NA,0,0,0,0,0,2,NA,NA,1
303415144,1,0,1,0,3,NA,3,0,0.443392018,NA,0,0,0,0,0,1,1,NA,0
302621262,1,0,0,1,1,1,3,0,0.251638093,0,1,1,1,1,2,3,0,0,0
302630065,0,0,0,1,1,1,1,-1,2.103419862,0,1,1,1,1,2,4,0,0,0
302751371,2,0,0,1,4,1,3,0,0.295934701,3,1,1,0,0,0,4,1,0,0
303665193,-1,0,0,1,3,2,6,0,0.275178413,1,1,1,1,1,2,4,1,0,1
302627630,1,0,1,0,4,1,5,0,0.230051392,3,1,1,1,1,2,4,1,0,1
302473443,1,1,0,0,1,2,6,-2,0.940768024,-1,1,1,1,1,2,4,0,0,1
303131084,-1,1,0,0,1,2,5,-1,1.150385605,-1,1,1,1,1,2,4,0,0,1
302035808,-1,1,0,0,1,NA,6,0,0.584195347,NA,0,0,0,0,0,3,0,NA,1
302601429,NA,1,0,0,NA,NA,3,0,1.154012422,NA,0,0,0,0,0,2,NA,NA,0
303264095,NA,1,0,0,NA,NA,4,NA,0.335000401,NA,0,0,0,0,0,2,NA,NA,0
305338617,NA,1,0,0,1,1,1,0,1.134230077,0,1,1,0,0,0,2,0,0,0
302554206,NA,1,0,0,1,3,4,-2,0.810195416,-2,1,2,1,1,2,4,0,1,0
303013640,-1,1,0,0,1,NA,2,0,0.67761002,NA,0,0,0,0,0,3,0,NA,0
303218898,0,1,0,0,2,2,2,1,0.941734824,0,1,1,0,0,0,2,0,0,0
303646880,0,1,0,0,1,1,3,-1,0.698930458,0,1,1,0,0,0,1,0,0,0
304653749,NA,1,0,0,3,2,3,0,0.301462073,1,1,1,0,0,0,NA,1,0,0
305343855,NA,1,0,0,1,1,2,0,0.460063825,0,1,1,0,0,0,1,0,0,0
302510636,2,1,0,0,1,1,4,-1,1.144084817,0,1,1,1,0,1,4,0,0,0
303202133,1,1,0,0,1,1,3,-2,1.046825914,0,1,1,0,1,1,4,0,0,0
303518224,-2,1,0,0,1,NA,5,-2,0.376464635,NA,0,0,0,0,0,1,0,NA,1
303668833,-2,1,0,0,1,3,2,-1,0.937851754,-2,1,2,0,0,0,2,0,1,0
303700827,-1,1,0,0,2,3,5,-1,0.578629677,-1,1,2,1,1,2,3,0,1,1
304239513,-1,1,0,0,1,3,2,-1,1.257844824,-2,1,2,0,0,0,3,0,1,0
302597735,0,NA,NA,NA,4,2,6,NA,0.879667532,2,1,1,0,0,0,NA,1,0,1
302741447,-2,NA,NA,NA,1,2,3,NA,0.418134057,-1,1,1,0,0,0,2,0,0,0
303538867,NA,NA,NA,NA,1,NA,2,NA,0.493335518,NA,0,0,0,0,0,NA,0,NA,0
303661412,0,NA,NA,NA,NA,NA,2,NA,0.219910612,NA,0,0,0,0,0,1,NA,NA,0